USER ID,DIET TYPE,WEIGHT GOAL,SUBSCRIPTION STATUS,JOIN DATE,LAST LOGIN
U0001,Vegan,-7.5,active,2024-03-14,2024-12-26
U0002,Balanced,4,inactive,2024-12-04,2024-04-26
U0003,Balanced,-0.4,active,2024-09-23,2024-12-27
U0004,Balanced,-3,trial,2024-04-23,2024-12-08
U0005,Vegan,-11.9,active,2024-07-30,2024-12-30
U0006,Vegan,-11.9,active,2024-06-02,2024-12-27
U0007,Low-carb,-13.8,active,2024-05-20,2024-12-20
U0008,Balanced,2.3,active,2024-02-01,2024-12-22
U0009,Keto,-3,trial,2024-10-12,2024-12-04
U0010,Balanced,-0.8,active,2024-10-29,2024-12-30
U0011,Balanced,-14.6,inactive,2024-03-30,2024-03-22
U0012,Keto,4.4,inactive,2024-11-16,2024-04-12
U0013,Balanced,1.6,inactive,2024-12-13,2024-03-15
U0014,Balanced,-10.8,active,2024-08-06,2024-12-26
U0015,Vegan,-11.4,inactive,2024-10-11,2024-11-03
U0016,Keto,-11.3,active,2024-09-10,2024-12-24
U0017,Balanced,-8.9,active,2024-01-25,2024-12-18
U0018,Keto,-4.5,inactive,2024-06-25,2024-02-15
U0019,Low-carb,-6.4,active,2024-11-25,2024-12-29
U0020,Balanced,-9.2,inactive,2024-12-09,2024-05-27
U0021,Low-carb,-2.8,active,2024-07-14,2024-12-29
U0022,Vegan,-12.2,active,2024-09-25,2024-12-27
U0023,Balanced,-9.2,trial,2024-06-12,2024-12-21
U0024,Balanced,-7.7,active,2024-12-22,2024-12-17
U0025,High-protein,-5.9,active,2024-08-01,2024-12-22
U0026,Balanced,0.7,trial,2024-07-28,2024-12-03
U0027,Balanced,-11,active,2024-03-17,2024-12-20
U0028,Balanced,-4.7,trial,2024-06-02,2024-12-21
U0029,Low-carb,-3.2,active,2024-07-11,2024-12-28
U0030,Vegan,-14.1,active,2024-04-04,2024-12-20
U0031,Low-carb,-2.8,active,2024-10-02,2024-12-23
U0032,Vegan,-11.6,active,2024-08-30,2024-12-31
U0033,Keto,-13.7,inactive,2024-05-03,2024-11-09
U0034,High-protein,4,active,2024-04-25,2024-12-18
U0035,Balanced,4.3,active,2024-06-02,2024-12-18
U0036,Keto,1.2,inactive,2024-12-28,2024-11-25
U0037,Low-carb,-8.9,active,2024-03-14,2024-12-28
U0038,Vegan,-13,active,2024-08-25,2024-12-31
U0039,Low-carb,-1.3,active,2024-01-30,2024-12-24
U0040,Keto,-6.2,active,2024-10-14,2024-12-26
U0041,Vegan,-12.6,inactive,2024-07-30,2024-05-19
U0042,Balanced,-5.1,active,2024-08-01,2024-12-17
U0043,Balanced,-14.3,inactive,2024-10-12,2024-09-16
U0044,Balanced,3.2,active,2024-09-28,2024-12-29
U0045,Balanced,-9.8,inactive,2024-03-09,2024-11-13
U0046,Balanced,-1.7,active,2024-07-17,2024-12-23
U0047,Balanced,-8.8,active,2024-05-04,2024-12-19
U0048,Balanced,-4.6,active,2024-05-10,2024-12-17
U0049,Vegan,-4.1,trial,2024-04-14,2024-12-02
U0050,Balanced,-11.3,active,2024-06-18,2024-12-20
U0051,Balanced,4.4,inactive,2024-11-27,2024-01-01
U0052,Balanced,0.5,trial,2024-02-10,2024-12-11
U0053,Balanced,3.8,active,2024-08-18,2024-12-28
U0054,High-protein,2.9,active,2024-07-08,2024-12-26
U0055,Vegan,-3,trial,2024-02-17,2024-12-17
U0056,Vegan,3.4,active,2024-10-01,2024-12-25
U0057,Balanced,-13.2,active,2024-04-07,2024-12-17
U0058,Vegan,-11.1,active,2024-01-27,2024-12-20
U0059,Balanced,-14.1,inactive,2024-05-17,2024-06-21
U0060,Balanced,-8.5,active,2024-07-12,2024-12-27
U0061,High-protein,-7.2,trial,2024-12-10,2024-12-22
U0062,Vegan,-9.6,active,2024-11-05,2024-12-22
U0063,Keto,1.6,active,2024-11-04,2024-12-26
U0064,Vegan,-7.9,inactive,2024-01-21,2024-10-01
U0065,Low-carb,-9.4,active,2024-02-07,2024-12-23
U0066,Low-carb,-4.1,active,2024-04-06,2024-12-21
U0067,Balanced,-12.2,inactive,2024-10-27,2024-11-05
U0068,Balanced,1,active,2024-12-09,2024-12-29
U0069,Balanced,-13.5,active,2024-10-13,2024-12-28
U0070,Balanced,4.7,trial,2024-04-21,2024-12-08
U0071,Balanced,0.4,active,2024-09-02,2024-12-31
U0072,High-protein,-11,active,2024-04-16,2024-12-25
U0073,Low-carb,-14.9,inactive,2024-06-19,2024-10-27
U0074,Balanced,1.3,active,2024-06-04,2024-12-17
U0075,Vegan,-0.9,inactive,2024-01-08,2024-04-07
U0076,Balanced,-0.4,trial,2024-04-18,2024-12-15
U0077,High-protein,0.4,inactive,2024-04-07,2024-06-25
U0078,Keto,-13.5,inactive,2024-03-01,2024-06-17
U0079,Balanced,-7.8,inactive,2024-09-02,2024-10-18
U0080,Balanced,-12.7,active,2024-05-04,2024-12-23
U0081,Keto,2.3,active,2024-12-22,2024-12-24
U0082,Balanced,-2.5,active,2024-11-05,2024-12-31
U0083,Keto,-8.4,active,2024-12-26,2024-12-26
U0084,Low-carb,-13.7,active,2024-04-14,2024-12-28
U0085,Balanced,-8.8,active,2024-07-22,2024-12-27
U0086,Balanced,-8.5,active,2024-05-02,2024-12-22
U0087,High-protein,-0.4,active,2024-10-09,2024-12-19
U0088,Keto,-2.2,inactive,2024-06-13,2024-06-29
U0089,Balanced,2.7,active,2024-05-24,2024-12-20
U0090,Balanced,-5.6,active,2024-07-13,2024-12-22
U0091,Balanced,-12.6,trial,2024-08-26,2024-12-17
U0092,Vegan,-0.7,active,2024-09-30,2024-12-24
U0093,Low-carb,0.2,trial,2024-11-28,2024-12-13
U0094,Keto,-3.8,active,2024-07-02,2024-12-22
U0095,Balanced,0.4,active,2024-06-06,2024-12-24
U0096,Balanced,-5.1,inactive,2024-05-13,2024-08-23
U0097,High-protein,-4.5,trial,2024-07-03,2024-12-01
U0098,Keto,-6.4,inactive,2024-09-19,2024-02-26
U0099,High-protein,-14.5,inactive,2024-09-11,2024-07-29
U0100,Low-carb,-12.8,inactive,2024-08-26,2024-09-15
U0101,Balanced,-14.4,active,2024-02-20,2024-12-31
U0102,Vegan,-2.3,active,2024-08-28,2024-12-17
U0103,Vegan,-8.7,active,2024-06-12,2024-12-25
U0104,Keto,-4.8,inactive,2024-04-14,2024-11-19
U0105,Balanced,3.2,inactive,2024-07-08,2024-08-04
U0106,Vegan,-10,trial,2024-06-09,2024-12-07
U0107,Balanced,-6.8,inactive,2024-07-30,2024-06-07
U0108,Keto,0.1,trial,2024-01-24,2024-12-04
U0109,Keto,-10.4,inactive,2024-10-15,2024-11-27
U0110,High-protein,-13.5,active,2024-04-23,2024-12-26
U0111,Low-carb,-9.2,inactive,2024-03-15,2024-12-01
U0112,Balanced,-11.8,active,2024-01-09,2024-12-19
U0113,Keto,3.6,inactive,2024-05-13,2024-05-23
U0114,Balanced,1.2,active,2024-10-10,2024-12-18
U0115,High-protein,-2.3,active,2024-10-26,2024-12-20
U0116,Low-carb,2.4,trial,2024-10-23,2024-12-01
U0117,Balanced,1.1,active,2024-08-01,2024-12-27
U0118,Vegan,-11.3,inactive,2024-05-31,2024-10-09
U0119,Vegan,2.9,inactive,2024-03-19,2024-08-18
U0120,Balanced,-4.2,trial,2024-04-10,2024-12-08
U0121,Low-carb,1.1,trial,2024-06-17,2024-12-17
U0122,Keto,2.9,trial,2024-04-27,2024-12-11
U0123,Low-carb,-8.6,trial,2024-07-13,2024-12-09
U0124,Keto,-12.8,inactive,2024-10-18,2024-11-01
U0125,Balanced,-10.4,inactive,2024-05-05,2024-09-20
U0126,Balanced,-6.5,active,2024-09-12,2024-12-20
U0127,Balanced,1.4,trial,2024-10-08,2024-12-16
U0128,High-protein,2.2,trial,2024-12-01,2024-12-22
U0129,Low-carb,-14.9,active,2024-12-16,2024-12-31
U0130,Low-carb,-4.8,active,2024-06-21,2024-12-17
U0131,Balanced,-6.7,inactive,2024-05-11,2024-08-05
U0132,Balanced,-10.6,active,2024-09-07,2024-12-17
U0133,Low-carb,-12.6,active,2024-11-24,2024-12-18
U0134,High-protein,-8.2,active,2024-09-08,2024-12-23
U0135,Balanced,3.9,trial,2024-08-23,2024-12-11
U0136,Keto,-8.5,inactive,2024-03-27,2024-05-25
U0137,Balanced,-4.6,active,2024-06-29,2024-12-24
U0138,Low-carb,-0.9,active,2024-03-27,2024-12-20
U0139,Low-carb,-7.7,inactive,2024-03-12,2024-10-19
U0140,Balanced,4.4,active,2024-10-06,2024-12-22
U0141,Keto,4.2,inactive,2024-09-07,2024-10-14
U0142,Keto,-10,active,2024-04-04,2024-12-23
U0143,Balanced,-5.1,active,2024-10-04,2024-12-29
U0144,Low-carb,-9,active,2024-11-24,2024-12-21
U0145,Keto,-9.3,active,2024-01-31,2024-12-18
U0146,Balanced,-14.3,inactive,2024-09-25,2024-05-14
U0147,Keto,-2.8,inactive,2024-01-18,2024-10-24
U0148,Vegan,-4.9,inactive,2024-02-08,2024-02-02
U0149,Balanced,-14,active,2024-12-08,2024-12-22
U0150,Balanced,-9.4,active,2024-01-25,2024-12-31
U0151,High-protein,3.2,active,2024-01-04,2024-12-25
U0152,Vegan,-10.2,inactive,2024-07-30,2024-09-26
U0153,Keto,-12.1,inactive,2024-03-11,2024-08-02
U0154,Keto,-5.2,active,2024-11-18,2024-12-27
U0155,Balanced,4.7,inactive,2024-04-28,2024-07-21
U0156,Balanced,-10.2,active,2024-02-04,2024-12-18
U0157,Balanced,-1.6,active,2024-12-28,2024-12-26
U0158,Keto,0.2,active,2024-03-18,2024-12-17
U0159,Balanced,-10.2,inactive,2024-01-05,2024-05-14
U0160,Balanced,-0.4,active,2024-04-21,2024-12-20
U0161,Balanced,-7.6,active,2024-09-15,2024-12-18
U0162,Vegan,-2.4,active,2024-08-21,2024-12-20
U0163,Balanced,-2.3,inactive,2024-07-10,2024-06-17
U0164,High-protein,-4.3,active,2024-01-31,2024-12-26
U0165,Low-carb,-13.2,inactive,2024-11-12,2024-04-14
U0166,Balanced,1.7,active,2024-11-22,2024-12-27
U0167,Balanced,-8.6,active,2024-12-07,2024-12-28
U0168,Vegan,-11.3,inactive,2024-11-11,2024-10-24
U0169,Balanced,-14.2,active,2024-09-04,2024-12-28
U0170,Balanced,-3.2,active,2024-12-03,2024-12-29
U0171,High-protein,-1.4,active,2024-09-06,2024-12-19
U0172,Keto,-14.7,active,2024-01-09,2024-12-19
U0173,Keto,-4.8,active,2024-01-04,2024-12-22
U0174,Low-carb,-10.5,active,2024-09-29,2024-12-30
U0175,Low-carb,-2.1,active,2024-10-09,2024-12-29
U0176,Balanced,-11.5,inactive,2024-07-29,2024-10-08
U0177,Balanced,-1.2,active,2024-01-07,2024-12-29
U0178,Keto,-7.3,active,2024-01-09,2024-12-24
U0179,Keto,3.7,inactive,2024-09-28,2024-04-07
U0180,Keto,-12.2,active,2024-05-20,2024-12-26
U0181,Vegan,-8.2,trial,2024-10-01,2024-12-11
U0182,Vegan,-12.7,trial,2024-05-26,2024-12-21
U0183,High-protein,3.5,active,2024-01-09,2024-12-23
U0184,Balanced,2.5,trial,2024-09-14,2024-12-13
U0185,Keto,-9.8,active,2024-12-23,2024-12-19
U0186,Balanced,-1.8,active,2024-12-11,2024-12-28
U0187,Low-carb,1.3,trial,2024-08-08,2024-12-10
U0188,Balanced,-3.9,trial,2024-04-01,2024-12-15
U0189,Balanced,-4.4,inactive,2024-02-24,2024-04-08
U0190,Keto,-10.2,inactive,2024-02-19,2024-07-19
U0191,Keto,-13.1,inactive,2024-09-25,2024-10-01
U0192,Balanced,2.9,active,2024-03-17,2024-12-30
U0193,Balanced,3,active,2024-05-03,2024-12-29
U0194,High-protein,-2.3,active,2024-04-08,2024-12-19
U0195,Keto,-8.2,active,2024-11-13,2024-12-21
U0196,Low-carb,-8,trial,2024-09-26,2024-12-15
U0197,Keto,-0.5,inactive,2024-05-09,2024-01-28
U0198,Balanced,2.9,trial,2024-06-30,2024-12-23
U0199,High-protein,2.7,trial,2024-05-16,2024-12-18
U0200,Low-carb,0.6,active,2024-07-22,2024-12-18
U0201,High-protein,-2.2,trial,2024-02-10,2024-12-14
U0202,High-protein,-13.3,active,2024-07-10,2024-12-29
U0203,Low-carb,-11.8,inactive,2024-07-26,2024-10-16
U0204,Balanced,3,active,2024-08-23,2024-12-20
U0205,Keto,-2.9,active,2024-10-16,2024-12-28
U0206,Balanced,-14.8,active,2024-05-04,2024-12-26
U0207,Keto,-13,active,2024-12-22,2024-12-25
U0208,Balanced,-1.7,active,2024-04-25,2024-12-23
U0209,Balanced,-14.9,active,2024-06-02,2024-12-31
U0210,High-protein,-11.8,active,2024-12-16,2024-12-21
U0211,Balanced,-4,active,2024-02-11,2024-12-27
U0212,Low-carb,-1.2,active,2024-11-30,2024-12-27
U0213,Keto,-2,trial,2024-11-28,2024-12-19
U0214,Keto,-10.5,active,2024-01-17,2024-12-31
U0215,High-protein,-0.8,inactive,2024-02-17,2024-05-08
U0216,High-protein,-10.3,trial,2024-07-26,2024-12-10
U0217,Keto,-8.5,trial,2024-07-13,2024-12-07
U0218,Vegan,-0.1,active,2024-07-12,2024-12-20
U0219,Balanced,-2,active,2024-10-09,2024-12-23
U0220,Balanced,2,active,2024-08-31,2024-12-28
U0221,High-protein,-1.8,inactive,2024-01-29,2024-10-14
U0222,Keto,-3.6,inactive,2024-11-22,2024-04-09
U0223,Keto,-13.1,inactive,2024-01-05,2024-10-10
U0224,Vegan,-7.6,active,2024-12-25,2024-12-19
U0225,Balanced,-9.7,inactive,2024-03-28,2024-09-21
U0226,Keto,-10.1,active,2024-02-12,2024-12-30
U0227,Keto,4.5,inactive,2024-09-12,2024-11-25
U0228,Low-carb,-7.1,inactive,2024-08-10,2024-10-31
U0229,Balanced,2.8,active,2024-11-26,2024-12-18
U0230,High-protein,-2.4,trial,2024-06-18,2024-12-17
U0231,Balanced,0.9,inactive,2024-10-16,2024-09-26
U0232,Balanced,-4.9,inactive,2024-02-18,2024-08-22
U0233,Keto,-3.5,inactive,2024-09-27,2024-05-10
U0234,Vegan,-5.1,trial,2024-01-22,2024-12-13
U0235,Balanced,-11.1,inactive,2024-04-27,2024-01-14
U0236,Balanced,-0.6,active,2024-04-18,2024-12-21
U0237,Low-carb,-9.4,active,2024-12-20,2024-12-30
U0238,Balanced,-14.5,active,2024-10-17,2024-12-22
U0239,Keto,-2.1,active,2024-08-31,2024-12-22
U0240,Vegan,-11.5,active,2024-05-18,2024-12-27
U0241,Keto,3.8,active,2024-01-24,2024-12-17
U0242,Keto,4.1,active,2024-02-08,2024-12-18
U0243,Keto,3.3,active,2024-12-16,2024-12-30
U0244,High-protein,-7.6,active,2024-05-23,2024-12-31
U0245,Balanced,-14.7,active,2024-10-05,2024-12-30
U0246,Vegan,3.6,trial,2024-10-15,2024-12-18
U0247,Balanced,-6.4,active,2024-12-02,2024-12-17
U0248,Balanced,4.3,trial,2024-01-17,2024-12-04
U0249,Vegan,4.3,trial,2024-04-01,2024-12-10
U0250,Balanced,2.1,inactive,2024-06-10,2024-09-27
U0251,Balanced,-9.1,active,2024-01-09,2024-12-30
U0252,Low-carb,-7.3,active,2024-04-16,2024-12-17
U0253,Balanced,2,inactive,2024-10-27,2024-06-15
U0254,Keto,-8.7,inactive,2024-03-14,2024-09-30
U0255,High-protein,-11.6,trial,2024-12-30,2024-12-23
U0256,High-protein,-3.9,active,2024-07-22,2024-12-24
U0257,Balanced,3.7,trial,2024-02-09,2024-12-23
U0258,Balanced,-1.1,inactive,2024-06-02,2024-09-06
U0259,Balanced,-3.6,active,2024-03-24,2024-12-17
U0260,High-protein,-13.1,active,2024-10-15,2024-12-22
U0261,Low-carb,-2.7,active,2024-05-03,2024-12-25
U0262,Low-carb,4.8,active,2024-10-17,2024-12-18
U0263,Balanced,-12.2,active,2024-07-18,2024-12-20
U0264,Balanced,-4.6,trial,2024-12-12,2024-12-12
U0265,Low-carb,2.5,active,2024-10-03,2024-12-24
U0266,Vegan,-0.2,inactive,2024-06-18,2024-11-16
U0267,Vegan,-1.1,active,2024-07-15,2024-12-25
U0268,High-protein,-1,active,2024-03-12,2024-12-21
U0269,Vegan,-7.8,active,2024-12-18,2024-12-25
U0270,Balanced,-9.1,active,2024-02-10,2024-12-29
U0271,Low-carb,1.2,active,2024-09-13,2024-12-26
U0272,Balanced,1.2,active,2024-06-26,2024-12-28
U0273,Vegan,2.3,active,2024-01-28,2024-12-17
U0274,High-protein,3.3,active,2024-02-20,2024-12-29
U0275,Balanced,-4.8,active,2024-08-11,2024-12-27
U0276,Balanced,-5,active,2024-04-28,2024-12-27
U0277,Balanced,1,active,2024-02-08,2024-12-24
U0278,Keto,-2,inactive,2024-06-23,2024-09-16
U0279,Balanced,-1,inactive,2024-11-05,2024-11-14
U0280,Vegan,0.9,inactive,2024-11-10,2024-01-22
U0281,Vegan,2.8,active,2024-10-31,2024-12-22
U0282,Balanced,-8.2,active,2024-07-22,2024-12-22
U0283,Vegan,-7.5,inactive,2024-06-16,2024-07-29
U0284,Balanced,-13.1,active,2024-01-16,2024-12-21
U0285,Keto,-3.4,inactive,2024-11-20,2024-07-03
U0286,High-protein,-14.3,inactive,2024-05-19,2024-03-21
U0287,Low-carb,-5.7,trial,2024-08-18,2024-12-11
U0288,Balanced,-4.1,trial,2024-09-08,2024-12-07
U0289,Keto,-9.3,active,2024-04-26,2024-12-24
U0290,Balanced,-3.2,inactive,2024-07-01,2024-10-31
U0291,Balanced,-14.4,active,2024-10-10,2024-12-30
U0292,Low-carb,-14.3,active,2024-07-11,2024-12-27
U0293,Vegan,1.5,trial,2024-08-09,2024-12-12
U0294,Balanced,-7.8,inactive,2024-04-05,2024-09-22
U0295,Vegan,-12.5,active,2024-12-14,2024-12-25
U0296,Keto,-4.6,inactive,2024-10-26,2024-08-21
U0297,Keto,0.4,trial,2024-12-04,2024-12-04
U0298,Balanced,-10.7,active,2024-07-13,2024-12-17
U0299,Balanced,-2.5,active,2024-02-13,2024-12-19
U0300,Low-carb,-13.3,inactive,2024-11-12,2024-03-07
U0301,High-protein,-14,trial,2024-05-31,2024-12-17
U0302,Keto,-4.4,inactive,2024-05-06,2024-01-14
U0303,Low-carb,-4.2,trial,2024-12-31,2024-12-07
U0304,Keto,-2.3,inactive,2024-02-07,2024-11-22
U0305,Balanced,-0.5,inactive,2024-02-12,2024-05-20
U0306,Balanced,4.5,active,2024-05-17,2024-12-19
U0307,Balanced,-4.7,inactive,2024-03-19,2024-06-01
U0308,Low-carb,-8.5,active,2024-07-13,2024-12-24
U0309,Low-carb,0.9,active,2024-12-30,2024-12-23
U0310,Low-carb,-9.6,active,2024-11-20,2024-12-19
U0311,Low-carb,-6.2,active,2024-03-19,2024-12-24
U0312,Balanced,-13.4,active,2024-07-18,2024-12-26
U0313,Balanced,-14.5,trial,2024-06-11,2024-12-06
U0314,Balanced,4.3,active,2024-07-03,2024-12-23
U0315,Low-carb,1.7,active,2024-02-24,2024-12-26
U0316,Low-carb,-1.1,active,2024-02-16,2024-12-25
U0317,Keto,-6.8,active,2024-01-03,2024-12-27
U0318,Vegan,-11.5,trial,2024-06-06,2024-12-19
U0319,Balanced,-11.9,active,2024-08-15,2024-12-31
U0320,High-protein,-10,inactive,2024-07-03,2024-06-21
U0321,Low-carb,-4,trial,2024-05-18,2024-12-05
U0322,High-protein,-0.7,trial,2024-02-22,2024-12-17
U0323,Low-carb,-1.8,active,2024-03-08,2024-12-31
U0324,Low-carb,-9.4,active,2024-02-14,2024-12-17
U0325,Balanced,4.1,inactive,2024-04-05,2024-07-11
U0326,Vegan,-0.2,active,2024-08-08,2024-12-31
U0327,Balanced,-3.9,active,2024-08-17,2024-12-19
U0328,High-protein,-2.8,active,2024-10-12,2024-12-24
U0329,Low-carb,-6.6,trial,2024-10-11,2024-12-08
U0330,Low-carb,-10,inactive,2024-09-19,2024-06-01
U0331,Low-carb,-7.9,trial,2024-07-27,2024-12-06
U0332,Balanced,0.2,active,2024-02-22,2024-12-28
U0333,Low-carb,-14.7,active,2024-01-14,2024-12-29
U0334,Balanced,-12.7,active,2024-02-15,2024-12-30
U0335,Low-carb,-14.1,inactive,2024-06-30,2024-07-28
U0336,Low-carb,-14.2,active,2024-10-10,2024-12-21
U0337,Balanced,2.1,active,2024-02-17,2024-12-28
U0338,Low-carb,-0.9,active,2024-11-01,2024-12-27
U0339,Keto,-5.5,inactive,2024-11-02,2024-03-03
U0340,Balanced,-13,active,2024-06-15,2024-12-18
U0341,Low-carb,-5.2,active,2024-07-16,2024-12-19
U0342,Balanced,-5.5,active,2024-01-07,2024-12-17
U0343,Balanced,-11.5,trial,2024-05-29,2024-12-01
U0344,Balanced,-6.3,active,2024-07-30,2024-12-31
U0345,Balanced,-7,trial,2024-07-17,2024-12-17
U0346,Low-carb,-2.7,active,2024-02-13,2024-12-22
U0347,High-protein,-2.3,trial,2024-10-13,2024-12-12
U0348,Balanced,-14.1,trial,2024-05-04,2024-12-13
U0349,Vegan,-7.5,active,2024-10-19,2024-12-17
U0350,Balanced,-2.5,active,2024-09-23,2024-12-18
U0351,High-protein,-4.9,active,2024-03-27,2024-12-18
U0352,Keto,2.1,active,2024-12-16,2024-12-29
U0353,High-protein,-1.8,trial,2024-07-13,2024-12-19
U0354,Balanced,-11.7,trial,2024-03-27,2024-12-17
U0355,High-protein,-13.6,trial,2024-03-12,2024-12-06
U0356,Balanced,-2.2,active,2024-05-17,2024-12-26
U0357,High-protein,-14.5,active,2024-06-03,2024-12-19
U0358,Balanced,-3.3,inactive,2024-05-17,2024-06-01
U0359,Balanced,3.8,trial,2024-09-09,2024-12-06
U0360,Keto,-3.5,inactive,2024-03-15,2024-11-17
U0361,Vegan,-7.2,active,2024-02-02,2024-12-20
U0362,Balanced,-2.1,trial,2024-03-26,2024-12-02
U0363,Vegan,-5.8,trial,2024-08-10,2024-12-13
U0364,Keto,-4.1,active,2024-05-21,2024-12-22
U0365,Balanced,3.8,inactive,2024-08-03,2024-02-17
U0366,Keto,-7.3,active,2024-06-02,2024-12-29
U0367,Balanced,4.2,trial,2024-09-04,2024-12-06
U0368,Vegan,3.1,active,2024-02-09,2024-12-28
U0369,Balanced,-11.1,active,2024-07-03,2024-12-18
U0370,High-protein,-13.6,trial,2024-05-08,2024-12-09
U0371,Keto,-13,active,2024-05-06,2024-12-23
U0372,Vegan,-14.6,active,2024-11-16,2024-12-27
U0373,Vegan,-13.1,active,2024-09-10,2024-12-29
U0374,Vegan,-1.3,active,2024-10-31,2024-12-24
U0375,Balanced,-13.6,active,2024-11-11,2024-12-31
U0376,Balanced,-8.6,active,2024-04-10,2024-12-30
U0377,Vegan,1.9,active,2024-08-22,2024-12-31
U0378,Balanced,-14.5,trial,2024-02-24,2024-12-17
U0379,Balanced,1.3,active,2024-03-10,2024-12-22
U0380,Low-carb,-9.4,active,2024-06-04,2024-12-28
U0381,Vegan,-12.6,trial,2024-01-04,2024-12-24
U0382,Balanced,-1.1,trial,2024-07-21,2024-12-08
U0383,Balanced,-2.4,inactive,2024-06-19,2024-04-01
U0384,Keto,2.5,inactive,2024-11-13,2024-12-01
U0385,Keto,-0.3,active,2024-07-13,2024-12-26
U0386,Balanced,1.1,active,2024-06-17,2024-12-17
U0387,Balanced,-9.4,trial,2024-08-13,2024-12-05
U0388,Keto,-11.5,inactive,2024-06-20,2024-08-20
U0389,High-protein,0,active,2024-08-08,2024-12-19
U0390,Vegan,1.1,inactive,2024-11-29,2024-09-26
U0391,High-protein,4.8,active,2024-10-31,2024-12-26
U0392,Vegan,-6.7,active,2024-03-10,2024-12-20
U0393,Balanced,-7.6,active,2024-06-02,2024-12-29
U0394,Keto,0.5,active,2024-06-13,2024-12-17
U0395,Balanced,-8.2,trial,2024-11-04,2024-12-14
U0396,Balanced,3.6,active,2024-12-21,2024-12-31
U0397,Keto,2.2,inactive,2024-04-12,2024-11-20
U0398,Keto,-6.4,active,2024-09-02,2024-12-29
U0399,Vegan,0,active,2024-06-09,2024-12-22
U0400,Keto,0.1,active,2024-03-31,2024-12-20
U0401,Keto,-12.9,active,2024-07-22,2024-12-17
U0402,Balanced,3.1,active,2024-06-12,2024-12-29
U0403,Keto,-4.9,active,2024-05-29,2024-12-19
U0404,High-protein,1.5,inactive,2024-12-21,2024-10-06
U0405,Low-carb,-8.6,active,2024-11-20,2024-12-18
U0406,Balanced,2.9,active,2024-09-08,2024-12-23
U0407,Balanced,-7.2,trial,2024-10-21,2024-12-13
U0408,Keto,-14.8,inactive,2024-05-04,2024-10-25
U0409,Vegan,3.1,active,2024-06-15,2024-12-26
U0410,Balanced,-13.2,active,2024-07-11,2024-12-20
U0411,Low-carb,-8.6,active,2024-05-23,2024-12-21
U0412,Low-carb,4,active,2024-07-20,2024-12-25
U0413,Vegan,4,active,2024-07-05,2024-12-22
U0414,Balanced,-3.5,inactive,2024-02-28,2024-10-11
U0415,Balanced,-2.4,active,2024-10-15,2024-12-26
U0416,Balanced,-6,active,2024-04-12,2024-12-27
U0417,Balanced,-9.1,inactive,2024-10-30,2024-06-19
U0418,Keto,-8.4,active,2024-10-06,2024-12-29
U0419,Low-carb,-1.5,trial,2024-04-02,2024-12-19
U0420,Balanced,0,active,2024-12-15,2024-12-20
U0421,Keto,0.8,active,2024-10-08,2024-12-25
U0422,Vegan,0.8,active,2024-01-14,2024-12-19
U0423,Balanced,-13.2,trial,2024-08-24,2024-12-04
U0424,Vegan,-5.1,inactive,2024-12-28,2024-03-27
U0425,Keto,-13.8,active,2024-04-17,2024-12-21
U0426,Balanced,-4,active,2024-08-12,2024-12-26
U0427,Vegan,-6.2,inactive,2024-05-29,2024-09-03
U0428,Balanced,2.8,trial,2024-12-20,2024-12-02
U0429,Low-carb,-8,active,2024-02-05,2024-12-23
U0430,Low-carb,-12.7,active,2024-07-28,2024-12-20
U0431,Balanced,-12.1,inactive,2024-12-10,2024-01-22
U0432,Keto,0.2,active,2024-09-12,2024-12-19
U0433,Balanced,-2.6,inactive,2024-03-12,2024-06-02
U0434,High-protein,-13,inactive,2024-11-20,2024-08-09
U0435,Keto,-13.3,inactive,2024-06-04,2024-02-04
U0436,Balanced,-1,inactive,2024-05-03,2024-09-03
U0437,Balanced,-13.5,active,2024-05-09,2024-12-25
U0438,Low-carb,1.4,active,2024-12-03,2024-12-27
U0439,Keto,-0.9,active,2024-03-19,2024-12-20
U0440,Low-carb,-13.4,trial,2024-08-04,2024-12-02
U0441,Vegan,-13.3,active,2024-07-12,2024-12-27
U0442,High-protein,4.7,inactive,2024-02-07,2024-09-27
U0443,Keto,-7.5,active,2024-08-17,2024-12-29
U0444,High-protein,-7.6,inactive,2024-11-02,2024-12-01
U0445,Low-carb,1.3,inactive,2024-09-02,2024-02-12
U0446,Vegan,3.9,trial,2024-10-25,2024-12-12
U0447,Vegan,4.7,active,2024-07-24,2024-12-18
U0448,Keto,0.1,inactive,2024-09-30,2024-02-15
U0449,Low-carb,-7.5,active,2024-09-16,2024-12-31
U0450,Keto,-13.3,active,2024-12-20,2024-12-29
U0451,Low-carb,0.5,active,2024-08-02,2024-12-22
U0452,Vegan,-3.8,active,2024-10-05,2024-12-26
U0453,Keto,-6.5,active,2024-01-19,2024-12-17
U0454,Balanced,3.1,trial,2024-07-03,2024-12-05
U0455,Balanced,-12.8,active,2024-12-25,2024-12-28
U0456,Vegan,-5.1,trial,2024-10-01,2024-12-04
U0457,Low-carb,-14.8,active,2024-10-31,2024-12-22
U0458,Keto,-5.6,active,2024-11-22,2024-12-30
U0459,Vegan,-13.9,inactive,2024-02-13,2024-03-22
U0460,Balanced,-12.6,active,2024-02-25,2024-12-29
U0461,Balanced,-12.6,active,2024-05-07,2024-12-26
U0462,Balanced,-2,inactive,2024-12-02,2024-10-23
U0463,Balanced,-0.1,trial,2024-12-06,2024-12-17
U0464,Balanced,-3.3,active,2024-06-30,2024-12-26
U0465,Keto,4.2,active,2024-03-26,2024-12-26
U0466,Balanced,-7.5,active,2024-11-27,2024-12-29
U0467,Balanced,-9.3,trial,2024-11-09,2024-12-04
U0468,Vegan,2.4,inactive,2024-01-23,2024-10-17
U0469,Vegan,-10.5,trial,2024-10-15,2024-12-02
U0470,Balanced,4.3,active,2024-11-26,2024-12-21
U0471,Keto,-14.8,trial,2024-12-12,2024-12-04
U0472,Keto,4.4,active,2024-11-27,2024-12-20
U0473,Keto,-14.1,active,2024-07-23,2024-12-17
U0474,Balanced,2.8,trial,2024-06-18,2024-12-14
U0475,Keto,-4.4,active,2024-08-08,2024-12-24
U0476,High-protein,4.9,trial,2024-02-24,2024-12-24
U0477,Keto,-13.5,inactive,2024-01-06,2024-07-19
U0478,Vegan,-3.9,active,2024-02-20,2024-12-28
U0479,Low-carb,4.4,inactive,2024-05-12,2024-07-27
U0480,Low-carb,-4.5,trial,2024-04-23,2024-12-02
U0481,Balanced,-2.4,active,2024-09-18,2024-12-30
U0482,Balanced,-1.1,active,2024-09-22,2024-12-26
U0483,Balanced,-5.9,active,2024-10-12,2024-12-27
U0484,Low-carb,-2.4,inactive,2024-10-24,2024-10-07
U0485,Low-carb,-3.3,active,2024-12-18,2024-12-20
U0486,High-protein,3,inactive,2024-10-21,2024-12-01
U0487,Keto,-14.1,active,2024-04-23,2024-12-31
U0488,Vegan,-9.4,inactive,2024-08-16,2024-05-18
U0489,Keto,4,active,2024-07-10,2024-12-24
U0490,Vegan,2.8,active,2024-07-19,2024-12-20
U0491,Balanced,-5.9,trial,2024-08-25,2024-12-11
U0492,Balanced,-2.6,active,2024-12-13,2024-12-29
U0493,Keto,-9.5,trial,2024-10-28,2024-12-11
U0494,Balanced,-11.2,active,2024-12-19,2024-12-24
U0495,Balanced,-5.7,trial,2024-09-13,2024-12-12
U0496,Vegan,-7.9,trial,2024-03-18,2024-12-13
U0497,Keto,-3.3,active,2024-06-25,2024-12-23
U0498,Balanced,-13.4,inactive,2024-01-13,2024-05-23
U0499,Keto,4.5,active,2024-09-04,2024-12-30
U0500,Balanced,4.7,trial,2024-02-23,2024-12-09
U0501,Vegan,-1,inactive,2024-05-31,2024-02-10
U0502,Balanced,-4.3,trial,2024-07-31,2024-12-04
U0503,Balanced,-8.8,active,2024-02-13,2024-12-19
U0504,Keto,1.3,inactive,2024-02-29,2024-08-08
U0505,Balanced,-1.3,inactive,2024-03-13,2024-09-09
U0506,Vegan,-11.7,active,2024-06-27,2024-12-24
U0507,Balanced,3.2,active,2024-06-08,2024-12-30
U0508,Keto,1.5,inactive,2024-06-24,2024-11-14
U0509,Balanced,4,active,2024-08-21,2024-12-27
U0510,Balanced,-0.5,active,2024-04-15,2024-12-31
U0511,Balanced,-2.7,inactive,2024-09-23,2024-06-21
U0512,Balanced,-6.6,inactive,2024-09-04,2024-07-21
U0513,Low-carb,3.7,inactive,2024-06-27,2024-10-09
U0514,Balanced,2.3,trial,2024-08-31,2024-12-22
U0515,Low-carb,-14.1,active,2024-02-19,2024-12-26
U0516,Low-carb,-14.5,inactive,2024-08-12,2024-09-05
U0517,Balanced,-7.5,inactive,2024-12-22,2024-05-23
U0518,Balanced,1.2,active,2024-08-19,2024-12-29
U0519,Balanced,4.7,active,2024-06-12,2024-12-20
U0520,Keto,-12,inactive,2024-02-04,2024-10-24
U0521,High-protein,-3.1,active,2024-06-02,2024-12-23
U0522,Balanced,-7.4,active,2024-01-23,2024-12-17
U0523,Vegan,4.4,inactive,2024-12-29,2024-10-15
U0524,Low-carb,1.8,active,2024-02-28,2024-12-26
U0525,Vegan,1.8,active,2024-01-12,2024-12-22
U0526,Low-carb,-5.6,inactive,2024-06-24,2024-01-22
U0527,High-protein,-6.7,active,2024-11-27,2024-12-17
U0528,Balanced,-9.5,active,2024-02-25,2024-12-24
U0529,Balanced,-13.9,active,2024-12-12,2024-12-20
U0530,Balanced,2.3,trial,2024-03-25,2024-12-24
U0531,Balanced,1.3,active,2024-05-04,2024-12-25
U0532,Vegan,5,trial,2024-09-21,2024-12-04
U0533,Keto,4.9,active,2024-03-30,2024-12-29
U0534,Balanced,-3.9,active,2024-10-09,2024-12-22
U0535,Vegan,0.4,trial,2024-03-22,2024-12-11
U0536,Low-carb,3.9,active,2024-06-18,2024-12-29
U0537,Balanced,2,trial,2024-10-13,2024-12-23
U0538,Vegan,-10.1,active,2024-08-06,2024-12-30
U0539,Vegan,-6,active,2024-08-24,2024-12-26
U0540,Balanced,-12.4,inactive,2024-04-28,2024-08-18
U0541,Low-carb,4.1,trial,2024-07-26,2024-12-18
U0542,High-protein,-2.9,active,2024-11-18,2024-12-25
U0543,Balanced,-10.4,active,2024-04-04,2024-12-20
U0544,Balanced,-1.6,active,2024-04-05,2024-12-23
U0545,Balanced,-2.6,active,2024-11-23,2024-12-20
U0546,Vegan,-7.8,trial,2024-12-02,2024-12-01
U0547,High-protein,-12.7,trial,2024-08-09,2024-12-07
U0548,Balanced,-1.6,inactive,2024-07-21,2024-07-19
U0549,Vegan,-4.6,trial,2024-01-15,2024-12-03
U0550,Balanced,0.4,inactive,2024-11-10,2024-07-10
U0551,Vegan,-4.6,inactive,2024-04-11,2024-07-02
U0552,Vegan,2,active,2024-08-18,2024-12-28
U0553,Balanced,-4,active,2024-10-30,2024-12-30
U0554,Low-carb,-3.8,active,2024-08-07,2024-12-31
U0555,Low-carb,2.5,active,2024-07-18,2024-12-25
U0556,Vegan,-6.9,inactive,2024-01-03,2024-02-13
U0557,Balanced,-12.3,active,2024-12-26,2024-12-23
U0558,High-protein,-14.4,inactive,2024-04-19,2024-03-25
U0559,Low-carb,0.1,active,2024-04-15,2024-12-29
U0560,Balanced,-2.6,trial,2024-05-22,2024-12-23
U0561,Keto,-0.9,inactive,2024-12-26,2024-05-31
U0562,Balanced,-10.7,inactive,2024-02-02,2024-11-30
U0563,Keto,-12.3,active,2024-10-22,2024-12-25
U0564,Balanced,-14.7,active,2024-02-22,2024-12-30
U0565,Low-carb,-8,trial,2024-10-01,2024-12-15
U0566,Low-carb,-3.2,inactive,2024-04-05,2024-01-16
U0567,Balanced,-7.2,active,2024-07-06,2024-12-22
U0568,High-protein,-6.3,inactive,2024-06-15,2024-03-31
U0569,Vegan,3.1,trial,2024-04-10,2024-12-18
U0570,Low-carb,-8,active,2024-08-22,2024-12-30
U0571,Vegan,-4.7,trial,2024-02-28,2024-12-24
U0572,Keto,0.7,inactive,2024-05-14,2024-08-18
U0573,Vegan,-7.1,active,2024-12-09,2024-12-29
U0574,High-protein,-2.6,inactive,2024-09-07,2024-01-10
U0575,Balanced,2.2,active,2024-09-27,2024-12-27
U0576,Low-carb,4,trial,2024-11-23,2024-12-22
U0577,Keto,-12.1,inactive,2024-06-09,2024-04-03
U0578,Keto,3.5,inactive,2024-11-01,2024-10-03
U0579,Keto,-5.2,active,2024-07-17,2024-12-27
U0580,Vegan,-9.8,trial,2024-11-08,2024-12-12
U0581,Balanced,-5.8,active,2024-07-19,2024-12-24
U0582,Low-carb,4.6,trial,2024-10-27,2024-12-09
U0583,Low-carb,-5.1,active,2024-02-28,2024-12-17
U0584,Balanced,-8.4,active,2024-06-27,2024-12-21
U0585,Low-carb,-2.3,active,2024-06-29,2024-12-27
U0586,Balanced,-10.2,active,2024-08-22,2024-12-30
U0587,Keto,-13.5,active,2024-11-12,2024-12-21
U0588,Vegan,-12.4,inactive,2024-03-29,2024-02-27
U0589,Balanced,-12.4,active,2024-12-10,2024-12-25
U0590,Balanced,-12,trial,2024-12-27,2024-12-19
U0591,Low-carb,-12.2,trial,2024-06-01,2024-12-13
U0592,Balanced,-2.2,trial,2024-11-10,2024-12-12
U0593,Balanced,-11.4,active,2024-10-29,2024-12-26
U0594,Low-carb,-8.1,inactive,2024-02-13,2024-08-28
U0595,Balanced,2.9,inactive,2024-12-10,2024-04-17
U0596,Low-carb,-5.5,active,2024-03-09,2024-12-31
U0597,Vegan,-1.6,active,2024-06-09,2024-12-27
U0598,Balanced,-11.6,active,2024-03-01,2024-12-24
U0599,Balanced,-11.2,active,2024-05-02,2024-12-24
U0600,High-protein,-14.2,active,2024-06-05,2024-12-27
U0601,Balanced,-11.6,trial,2024-02-29,2024-12-17
U0602,Vegan,-9.4,active,2024-04-03,2024-12-18
U0603,Keto,-11.5,inactive,2024-07-10,2024-07-17
U0604,Low-carb,-13.2,inactive,2024-12-21,2024-02-17
U0605,Vegan,-12.6,inactive,2024-03-13,2024-10-31
U0606,Vegan,-5.8,trial,2024-09-18,2024-12-20
U0607,Keto,-10.9,inactive,2024-07-17,2024-10-13
U0608,Low-carb,-7.7,trial,2024-08-02,2024-12-22
U0609,Balanced,-4.9,active,2024-11-01,2024-12-21
U0610,Balanced,-1.2,active,2024-03-11,2024-12-26
U0611,Vegan,-14.2,inactive,2024-10-21,2024-02-28
U0612,Balanced,1,inactive,2024-07-15,2024-05-04
U0613,Keto,-2.4,inactive,2024-08-04,2024-02-04
U0614,Keto,-13.4,inactive,2024-04-05,2024-08-07
U0615,Keto,2.5,active,2024-09-06,2024-12-23
U0616,Keto,3.4,inactive,2024-11-21,2024-10-31
U0617,Vegan,-13.8,active,2024-10-02,2024-12-18
U0618,Balanced,-9.5,inactive,2024-12-21,2024-05-17
U0619,Vegan,1.1,active,2024-11-26,2024-12-18
U0620,Balanced,0,trial,2024-03-29,2024-12-08
U0621,Balanced,-11.3,active,2024-10-11,2024-12-25
U0622,Balanced,-10.8,trial,2024-03-26,2024-12-07
U0623,Balanced,-7.6,inactive,2024-09-07,2024-04-02
U0624,Balanced,-5.3,active,2024-05-27,2024-12-22
U0625,Keto,-2.6,active,2024-03-12,2024-12-17
U0626,Low-carb,-7.6,active,2024-04-05,2024-12-28
U0627,Balanced,-5.7,active,2024-06-10,2024-12-24
U0628,Balanced,-0.1,active,2024-08-18,2024-12-27
U0629,Keto,-14.3,active,2024-11-13,2024-12-30
U0630,Vegan,-10,inactive,2024-01-28,2024-05-13
U0631,High-protein,-0.7,active,2024-07-02,2024-12-17
U0632,Keto,2.9,inactive,2024-01-05,2024-11-14
U0633,Balanced,-4.8,inactive,2024-09-05,2024-03-19
U0634,Balanced,-4.4,trial,2024-03-10,2024-12-06
U0635,Balanced,-12.9,trial,2024-04-09,2024-12-08
U0636,Balanced,-6.1,active,2024-07-15,2024-12-19
U0637,Balanced,-4.3,active,2024-10-14,2024-12-22
U0638,Balanced,-10.2,inactive,2024-09-15,2024-01-19
U0639,Keto,-9.6,active,2024-11-30,2024-12-29
U0640,Balanced,-7.5,active,2024-09-10,2024-12-30
U0641,High-protein,-14.6,active,2024-07-28,2024-12-19
U0642,Keto,-8.6,active,2024-12-16,2024-12-24
U0643,Vegan,-10.8,active,2024-09-08,2024-12-29
U0644,Balanced,-8.5,active,2024-07-31,2024-12-29
U0645,Low-carb,-12.6,active,2024-12-29,2024-12-28
U0646,Keto,2.8,inactive,2024-08-15,2024-08-25
U0647,Low-carb,-3.1,active,2024-09-07,2024-12-29
U0648,Keto,-1.4,trial,2024-03-26,2024-12-23
U0649,Keto,0.8,active,2024-02-12,2024-12-25
U0650,Keto,-5,active,2024-10-16,2024-12-30
U0651,Balanced,-13.3,inactive,2024-01-16,2024-04-23
U0652,Balanced,-4.3,active,2024-04-22,2024-12-28
U0653,High-protein,-3.3,inactive,2024-05-29,2024-01-15
U0654,Keto,-0.1,active,2024-01-17,2024-12-29
U0655,Low-carb,-6.4,active,2024-05-20,2024-12-18
U0656,Keto,-12.4,active,2024-04-25,2024-12-22
U0657,Balanced,-9.3,active,2024-10-02,2024-12-27
U0658,Vegan,-7.7,active,2024-05-27,2024-12-26
U0659,Balanced,-2.1,trial,2024-03-27,2024-12-01
U0660,Balanced,-3.6,active,2024-08-22,2024-12-17
U0661,Keto,-7.9,trial,2024-10-16,2024-12-22
U0662,Balanced,4.7,active,2024-09-10,2024-12-30
U0663,High-protein,-2.9,active,2024-10-08,2024-12-25
U0664,Balanced,-10.3,active,2024-09-18,2024-12-23
U0665,Low-carb,-13,active,2024-02-27,2024-12-25
U0666,Vegan,-11.9,trial,2024-10-20,2024-12-07
U0667,Low-carb,-10.1,inactive,2024-02-28,2024-06-18
U0668,Balanced,-11.8,active,2024-05-17,2024-12-18
U0669,Keto,-11.3,active,2024-10-05,2024-12-27
U0670,Keto,-9.3,trial,2024-07-06,2024-12-08
U0671,Keto,-11.5,active,2024-10-04,2024-12-24
U0672,Low-carb,2.9,trial,2024-01-22,2024-12-24
U0673,High-protein,-13.4,inactive,2024-08-13,2024-01-17
U0674,Balanced,-4.5,inactive,2024-10-06,2024-02-05
U0675,Vegan,-6.8,active,2024-04-21,2024-12-23
U0676,Vegan,4.6,active,2024-08-05,2024-12-19
U0677,Vegan,-12.8,inactive,2024-02-22,2024-05-01
U0678,High-protein,-7,active,2024-11-30,2024-12-30
U0679,Balanced,4.4,inactive,2024-05-06,2024-05-03
U0680,Balanced,2.3,active,2024-06-01,2024-12-29
U0681,Vegan,1.3,active,2024-01-17,2024-12-29
U0682,Balanced,-9.8,inactive,2024-08-18,2024-02-15
U0683,Balanced,-11.6,active,2024-05-14,2024-12-22
U0684,Balanced,-1.6,trial,2024-06-27,2024-12-06
U0685,Balanced,3.6,inactive,2024-02-14,2024-10-11
U0686,Keto,-3.9,active,2024-08-12,2024-12-17
U0687,Keto,-3.6,trial,2024-03-01,2024-12-21
U0688,Balanced,-9.4,active,2024-05-01,2024-12-22
U0689,Balanced,0.4,inactive,2024-04-17,2024-10-11
U0690,Vegan,-11.3,active,2024-10-28,2024-12-19
U0691,Vegan,-8.5,trial,2024-12-18,2024-12-15
U0692,Keto,-6.5,inactive,2024-06-28,2024-03-02
U0693,Vegan,-4.8,active,2024-12-29,2024-12-17
U0694,High-protein,-10.2,active,2024-11-08,2024-12-26
U0695,Low-carb,-12.7,active,2024-11-19,2024-12-17
U0696,Vegan,-2.8,active,2024-08-07,2024-12-25
U0697,Vegan,-9.2,active,2024-03-25,2024-12-27
U0698,High-protein,-3.4,active,2024-11-11,2024-12-25
U0699,Keto,-11.9,active,2024-03-12,2024-12-21
U0700,Keto,-5.4,active,2024-04-15,2024-12-24
U0701,Vegan,-4.3,inactive,2024-04-15,2024-02-13
U0702,High-protein,-14,active,2024-01-31,2024-12-22
U0703,Low-carb,-8.3,active,2024-10-18,2024-12-24
U0704,Balanced,-12.3,inactive,2024-06-28,2024-11-12
U0705,Balanced,-13.7,active,2024-09-29,2024-12-29
U0706,Balanced,4.8,trial,2024-05-23,2024-12-16
U0707,Vegan,-8.6,inactive,2024-11-01,2024-05-09
U0708,Keto,1.2,active,2024-10-02,2024-12-29
U0709,Balanced,-9.9,active,2024-03-27,2024-12-22
U0710,Balanced,-1.4,trial,2024-06-14,2024-12-05
U0711,Vegan,0.2,active,2024-12-26,2024-12-21
U0712,Vegan,-3.1,inactive,2024-05-29,2024-05-10
U0713,High-protein,-5.6,active,2024-05-28,2024-12-31
U0714,Keto,-6.8,trial,2024-10-20,2024-12-12
U0715,Keto,-8,active,2024-05-16,2024-12-17
U0716,Balanced,3.6,inactive,2024-09-20,2024-06-15
U0717,Balanced,1.6,trial,2024-12-13,2024-12-02
U0718,Keto,4.3,inactive,2024-02-18,2024-08-02
U0719,Balanced,-12.5,inactive,2024-03-10,2024-11-06
U0720,Balanced,-0.4,inactive,2024-07-29,2024-04-02
U0721,Balanced,3.8,inactive,2024-01-31,2024-07-17
U0722,High-protein,-11.4,active,2024-05-21,2024-12-17
U0723,Low-carb,-13.7,active,2024-12-01,2024-12-26
U0724,Keto,-0.2,trial,2024-03-05,2024-12-24
U0725,High-protein,-3.5,inactive,2024-12-25,2024-06-12
U0726,High-protein,1.8,inactive,2024-03-08,2024-06-29
U0727,Vegan,-12.2,inactive,2024-05-07,2024-06-25
U0728,Balanced,0.9,inactive,2024-03-15,2024-07-11
U0729,Balanced,-11,inactive,2024-12-30,2024-03-25
U0730,Low-carb,-11.7,active,2024-06-13,2024-12-18
U0731,Keto,-11.7,inactive,2024-05-06,2024-10-12
U0732,Vegan,1.3,inactive,2024-12-12,2024-08-07
U0733,High-protein,-1.7,trial,2024-07-20,2024-12-20
U0734,Balanced,-4.5,active,2024-09-07,2024-12-27
U0735,Keto,-7.8,inactive,2024-03-13,2024-04-19
U0736,Vegan,2.5,active,2024-10-22,2024-12-19
U0737,Keto,-7.2,trial,2024-11-19,2024-12-14
U0738,Balanced,1.3,active,2024-05-17,2024-12-27
U0739,Balanced,-6.2,active,2024-11-17,2024-12-20
U0740,Balanced,-7.5,active,2024-07-31,2024-12-25
U0741,Vegan,-5.7,active,2024-07-11,2024-12-22
U0742,Low-carb,-9,inactive,2024-08-19,2024-01-06
U0743,Balanced,0,active,2024-02-08,2024-12-30
U0744,Vegan,-4.9,inactive,2024-11-20,2024-08-27
U0745,Balanced,-10.4,trial,2024-02-17,2024-12-10
U0746,High-protein,3,trial,2024-07-25,2024-12-18
U0747,Low-carb,-7.3,inactive,2024-09-20,2024-05-07
U0748,Keto,-4.1,active,2024-05-22,2024-12-20
U0749,Keto,3.1,active,2024-12-21,2024-12-24
U0750,Balanced,-2.5,active,2024-07-07,2024-12-19
U0751,Balanced,-12.7,active,2024-08-20,2024-12-23
U0752,High-protein,3.8,inactive,2024-09-06,2024-05-24
U0753,Keto,-2.4,active,2024-06-16,2024-12-18
U0754,Keto,-8.3,active,2024-10-24,2024-12-31
U0755,High-protein,-12.2,active,2024-01-02,2024-12-23
U0756,Vegan,0.9,trial,2024-02-17,2024-12-19
U0757,Keto,-2.6,active,2024-08-22,2024-12-30
U0758,Keto,-4.3,active,2024-11-21,2024-12-27
U0759,Balanced,2.9,inactive,2024-12-06,2024-03-17
U0760,Balanced,0.8,inactive,2024-12-23,2024-05-09
U0761,Low-carb,-12,inactive,2024-07-02,2024-09-23
U0762,Vegan,-8.8,inactive,2024-02-02,2024-03-08
U0763,Low-carb,-10,inactive,2024-09-30,2024-02-14
U0764,Balanced,-0.1,active,2024-07-22,2024-12-31
U0765,Keto,-14.3,active,2024-04-21,2024-12-29
U0766,High-protein,-3.6,inactive,2024-08-07,2024-08-25
U0767,Keto,0.2,active,2024-04-18,2024-12-17
U0768,Vegan,2.5,trial,2024-09-10,2024-12-18
U0769,Balanced,-8.2,active,2024-05-17,2024-12-18
U0770,High-protein,1.4,active,2024-06-14,2024-12-31
U0771,Vegan,-12.8,active,2024-05-25,2024-12-28
U0772,Balanced,1.9,inactive,2024-06-21,2024-11-15
U0773,Balanced,-12.5,active,2024-10-07,2024-12-24
U0774,Keto,-7.1,active,2024-10-22,2024-12-31
U0775,Keto,0.9,trial,2024-03-07,2024-12-13
U0776,Balanced,-12,inactive,2024-10-16,2024-08-22
U0777,High-protein,-10.4,active,2024-09-05,2024-12-27
U0778,High-protein,-0.6,active,2024-06-24,2024-12-26
U0779,Keto,-0.6,inactive,2024-12-15,2024-04-08
U0780,Balanced,-2.2,active,2024-01-25,2024-12-23
U0781,Low-carb,-1.1,trial,2024-01-24,2024-12-12
U0782,Keto,-4.1,trial,2024-02-20,2024-12-04
U0783,Vegan,-10,trial,2024-11-16,2024-12-21
U0784,Keto,-8.1,trial,2024-08-23,2024-12-03
U0785,Balanced,-11.4,active,2024-01-09,2024-12-31
U0786,Low-carb,3.2,active,2024-03-04,2024-12-28
U0787,High-protein,-3.3,inactive,2024-03-21,2024-05-25
U0788,Balanced,-7,active,2024-08-13,2024-12-24
U0789,Keto,-5.8,active,2024-08-21,2024-12-22
U0790,Balanced,3.9,active,2024-01-01,2024-12-24
U0791,High-protein,-11.9,active,2024-08-07,2024-12-29
U0792,Keto,-3.3,active,2024-04-13,2024-12-18
U0793,Low-carb,-4.9,active,2024-12-18,2024-12-24
U0794,Low-carb,-2.8,trial,2024-03-08,2024-12-06
U0795,Balanced,-14.6,inactive,2024-11-28,2024-02-23
U0796,Low-carb,2.4,active,2024-06-03,2024-12-26
U0797,Keto,3.6,inactive,2024-03-22,2024-06-08
U0798,High-protein,-3.7,inactive,2024-05-20,2024-09-09
U0799,Keto,-1.1,active,2024-02-17,2024-12-18
U0800,Low-carb,3.4,inactive,2024-12-01,2024-07-22
U0801,Balanced,-0.9,active,2024-07-03,2024-12-20
U0802,Balanced,-11.9,inactive,2024-05-08,2024-10-16
U0803,Keto,-3.5,active,2024-02-12,2024-12-27
U0804,High-protein,-2.9,active,2024-07-09,2024-12-31
U0805,Keto,-6.5,inactive,2024-12-06,2024-05-18
U0806,Balanced,-0.3,active,2024-11-28,2024-12-31
U0807,Keto,3.7,inactive,2024-03-25,2024-09-09
U0808,Balanced,3.5,active,2024-01-27,2024-12-18
U0809,Keto,-6,inactive,2024-07-21,2024-02-13
U0810,Keto,-12.7,trial,2024-11-16,2024-12-18
U0811,Keto,4.7,active,2024-06-05,2024-12-18
U0812,Balanced,1.8,trial,2024-12-24,2024-12-17
U0813,Balanced,-12.5,trial,2024-04-29,2024-12-04
U0814,Vegan,3.4,active,2024-08-07,2024-12-28
U0815,Keto,2.4,active,2024-12-01,2024-12-21
U0816,Balanced,-4.6,trial,2024-02-16,2024-12-18
U0817,Low-carb,-3.2,active,2024-12-26,2024-12-27
U0818,Balanced,-7,inactive,2024-02-18,2024-01-03
U0819,Vegan,-13.9,trial,2024-01-01,2024-12-11
U0820,Vegan,-8.3,active,2024-04-19,2024-12-23
U0821,Low-carb,1.1,inactive,2024-09-01,2024-11-21
U0822,Balanced,-14.9,active,2024-02-09,2024-12-18
U0823,Vegan,-8.3,inactive,2024-03-08,2024-11-27
U0824,Low-carb,-7,trial,2024-10-30,2024-12-09
U0825,High-protein,-4.3,trial,2024-04-25,2024-12-20
U0826,Keto,3.4,active,2024-09-22,2024-12-21
U0827,Balanced,-8.1,trial,2024-12-14,2024-12-19
U0828,Keto,-8.1,active,2024-08-15,2024-12-22
U0829,Keto,-0.2,trial,2024-01-05,2024-12-24
U0830,Low-carb,-6,trial,2024-01-05,2024-12-17
U0831,Low-carb,-10.5,active,2024-12-22,2024-12-27
U0832,Keto,-6,active,2024-06-24,2024-12-22
U0833,Keto,-12.2,trial,2024-03-02,2024-12-15
U0834,Keto,-11.5,trial,2024-08-04,2024-12-02
U0835,Vegan,-5,trial,2024-12-21,2024-12-02
U0836,Keto,-6.6,trial,2024-03-08,2024-12-04
U0837,Vegan,3.3,active,2024-09-01,2024-12-27
U0838,Balanced,-7.8,inactive,2024-02-06,2024-04-29
U0839,Keto,-3.4,active,2024-04-27,2024-12-17
U0840,High-protein,-2.4,trial,2024-07-15,2024-12-12
U0841,Balanced,-14.7,active,2024-02-15,2024-12-18
U0842,Vegan,-1.7,trial,2024-02-22,2024-12-13
U0843,Vegan,-11.4,active,2024-02-22,2024-12-24
U0844,Low-carb,4.2,active,2024-06-09,2024-12-27
U0845,Low-carb,-12,trial,2024-07-07,2024-12-18
U0846,Low-carb,-6.7,trial,2024-06-02,2024-12-10
U0847,Balanced,-13.3,active,2024-03-11,2024-12-27
U0848,Balanced,4.9,active,2024-07-14,2024-12-21
U0849,Vegan,-5,active,2024-03-09,2024-12-23
U0850,Low-carb,-3.1,active,2024-11-24,2024-12-18
U0851,Low-carb,-13.7,active,2024-12-12,2024-12-22
U0852,Balanced,0,active,2024-03-14,2024-12-25
U0853,Balanced,-10.8,active,2024-02-05,2024-12-22
U0854,Vegan,3,inactive,2024-09-28,2024-10-10
U0855,High-protein,-10.9,inactive,2024-10-15,2024-11-28
U0856,High-protein,-11.2,inactive,2024-01-05,2024-03-15
U0857,Vegan,-14.3,inactive,2024-11-08,2024-05-24
U0858,Keto,-5.6,active,2024-11-28,2024-12-23
U0859,Balanced,-3.7,trial,2024-03-25,2024-12-04
U0860,Vegan,-13.7,trial,2024-08-13,2024-12-05
U0861,Low-carb,0.5,trial,2024-06-28,2024-12-05
U0862,Keto,-5.9,active,2024-04-19,2024-12-27
U0863,Vegan,-4.5,active,2024-11-17,2024-12-27
U0864,High-protein,-6.2,inactive,2024-03-18,2024-10-07
U0865,Balanced,-7,active,2024-07-29,2024-12-24
U0866,Low-carb,-3.8,active,2024-11-11,2024-12-30
U0867,Balanced,-11.9,active,2024-12-17,2024-12-26
U0868,Balanced,-11.4,active,2024-08-14,2024-12-27
U0869,Balanced,2.2,active,2024-04-21,2024-12-21
U0870,Keto,3.9,active,2024-02-14,2024-12-26
U0871,Keto,-7.5,inactive,2024-02-21,2024-07-13
U0872,Low-carb,-9.6,trial,2024-03-12,2024-12-16
U0873,Balanced,-2.1,active,2024-03-04,2024-12-21
U0874,Balanced,-6.8,inactive,2024-10-28,2024-01-03
U0875,Low-carb,-14.5,active,2024-07-15,2024-12-27
U0876,Vegan,-11.9,inactive,2024-06-28,2024-08-27
U0877,Balanced,-0.7,inactive,2024-08-07,2024-09-16
U0878,High-protein,-1.8,active,2024-06-10,2024-12-23
U0879,Balanced,-14.5,active,2024-03-12,2024-12-19
U0880,Keto,-10.6,active,2024-05-06,2024-12-28
U0881,Balanced,-10.4,active,2024-05-21,2024-12-17
U0882,Balanced,-1.6,active,2024-11-26,2024-12-31
U0883,Balanced,-14.6,trial,2024-02-13,2024-12-05
U0884,Low-carb,-12.9,inactive,2024-05-07,2024-05-09
U0885,High-protein,1,active,2024-10-10,2024-12-21
U0886,Vegan,-11.4,active,2024-11-03,2024-12-26
U0887,Balanced,-1.9,trial,2024-11-03,2024-12-03
U0888,Keto,-10.2,active,2024-11-07,2024-12-29
U0889,Balanced,-13,inactive,2024-05-25,2024-11-18
U0890,Keto,-10.1,active,2024-12-19,2024-12-21
U0891,Vegan,-0.6,active,2024-01-14,2024-12-24
U0892,Keto,2.1,active,2024-12-03,2024-12-27
U0893,Balanced,1.6,inactive,2024-06-03,2024-07-22
U0894,Low-carb,-7.1,inactive,2024-04-15,2024-05-01
U0895,Balanced,-1.6,active,2024-09-22,2024-12-25
U0896,Balanced,-10.9,active,2024-11-06,2024-12-25
U0897,Keto,-9.1,active,2024-09-17,2024-12-20
U0898,Balanced,2.9,active,2024-04-06,2024-12-31
U0899,Keto,-14.7,inactive,2024-07-19,2024-02-07
U0900,Keto,-13.3,active,2024-05-31,2024-12-20
U0901,High-protein,-10.8,active,2024-11-26,2024-12-22
U0902,Balanced,-14.5,inactive,2024-01-28,2024-08-26
U0903,High-protein,-11.4,trial,2024-05-02,2024-12-14
U0904,Vegan,-3.3,active,2024-09-10,2024-12-20
U0905,Balanced,-6.6,active,2024-07-16,2024-12-20
U0906,Keto,2.9,inactive,2024-02-27,2024-08-10
U0907,Vegan,1.3,active,2024-05-03,2024-12-21
U0908,Vegan,-8.2,inactive,2024-09-12,2024-03-03
U0909,Balanced,-9.8,active,2024-11-22,2024-12-21
U0910,Vegan,-7.4,active,2024-10-31,2024-12-19
U0911,Keto,-3.2,active,2024-02-06,2024-12-24
U0912,High-protein,-9.6,inactive,2024-09-27,2024-06-01
U0913,Balanced,-2.5,active,2024-01-07,2024-12-23
U0914,Low-carb,-6.8,active,2024-07-03,2024-12-27
U0915,Vegan,-4,active,2024-06-11,2024-12-18
U0916,Balanced,-6.3,active,2024-03-08,2024-12-29
U0917,Vegan,-9.1,active,2024-07-17,2024-12-18
U0918,Vegan,4,inactive,2024-10-18,2024-02-20
U0919,Vegan,0.3,active,2024-08-03,2024-12-29
U0920,Vegan,-12.2,active,2024-07-06,2024-12-27
U0921,Vegan,2.4,trial,2024-10-06,2024-12-21
U0922,Low-carb,-5.3,active,2024-12-15,2024-12-24
U0923,Vegan,2.9,active,2024-03-29,2024-12-29
U0924,High-protein,1,active,2024-08-29,2024-12-20
U0925,Vegan,-6.5,active,2024-02-07,2024-12-27
U0926,Balanced,-14.6,active,2024-01-09,2024-12-20
U0927,Keto,-9.6,trial,2024-10-27,2024-12-07
U0928,Keto,-4.2,inactive,2024-02-04,2024-08-30
U0929,Vegan,-2.3,active,2024-01-08,2024-12-21
U0930,Balanced,-9.8,trial,2024-05-14,2024-12-14
U0931,Balanced,-12.2,inactive,2024-04-20,2024-01-01
U0932,Vegan,1.7,inactive,2024-01-21,2024-10-17
U0933,Balanced,4.7,active,2024-01-31,2024-12-28
U0934,Balanced,-4.5,active,2024-07-22,2024-12-26
U0935,Keto,-11.6,active,2024-09-16,2024-12-28
U0936,High-protein,-9.6,trial,2024-05-26,2024-12-01
U0937,Keto,-14.6,trial,2024-11-17,2024-12-15
U0938,High-protein,3.3,active,2024-12-30,2024-12-25
U0939,Low-carb,-12.6,trial,2024-09-13,2024-12-14
U0940,Balanced,-3.5,active,2024-07-31,2024-12-26
U0941,Low-carb,-9.5,active,2024-08-04,2024-12-27
U0942,Keto,-3.9,inactive,2024-12-25,2024-02-06
U0943,Low-carb,-2,inactive,2024-07-24,2024-07-04
U0944,Vegan,1.6,trial,2024-02-12,2024-12-10
U0945,Balanced,-10.9,inactive,2024-11-23,2024-10-02
U0946,Balanced,-14.8,active,2024-10-01,2024-12-24
U0947,High-protein,-12.3,trial,2024-10-02,2024-12-23
U0948,Balanced,3,active,2024-11-11,2024-12-18
U0949,High-protein,2.5,trial,2024-03-19,2024-12-04
U0950,Low-carb,-3.1,trial,2024-05-22,2024-12-06
U0951,Vegan,-3,active,2024-02-12,2024-12-22
U0952,High-protein,-1.7,inactive,2024-06-07,2024-01-19
U0953,High-protein,-11.5,inactive,2024-02-10,2024-10-26
U0954,Low-carb,3.3,active,2024-09-18,2024-12-24
U0955,Balanced,-6.6,inactive,2024-04-14,2024-08-24
U0956,Low-carb,-7.3,active,2024-03-20,2024-12-23
U0957,Balanced,-4.6,active,2024-10-01,2024-12-30
U0958,Keto,-14.1,active,2024-06-16,2024-12-18
U0959,Keto,-11.7,active,2024-07-19,2024-12-21
U0960,Vegan,-0.2,inactive,2024-10-27,2024-05-20
U0961,Vegan,-13.3,active,2024-11-20,2024-12-23
U0962,Keto,-2.9,active,2024-11-28,2024-12-27
U0963,Low-carb,-10.1,active,2024-12-14,2024-12-25
U0964,High-protein,-7.2,active,2024-11-25,2024-12-31
U0965,Balanced,-9.2,inactive,2024-02-03,2024-09-15
U0966,Balanced,-7.9,active,2024-06-07,2024-12-29
U0967,Balanced,-0.6,active,2024-12-23,2024-12-28
U0968,Low-carb,-9.1,trial,2024-08-11,2024-12-14
U0969,Keto,-3.7,active,2024-05-02,2024-12-25
U0970,High-protein,-5.5,active,2024-01-30,2024-12-22
U0971,Balanced,-1.7,active,2024-05-05,2024-12-17
U0972,Balanced,3.7,trial,2024-02-14,2024-12-10
U0973,Low-carb,-0.3,inactive,2024-08-10,2024-09-19
U0974,High-protein,-10.7,active,2024-02-29,2024-12-26
U0975,Balanced,-14.4,trial,2024-08-20,2024-12-02
U0976,Keto,-9.8,active,2024-11-09,2024-12-29
U0977,Balanced,-3.1,inactive,2024-11-07,2024-10-21
U0978,High-protein,-14,trial,2024-01-29,2024-12-09
U0979,Balanced,-5.1,active,2024-06-07,2024-12-26
U0980,Keto,-3.1,active,2024-12-07,2024-12-21
U0981,Balanced,-8.3,active,2024-12-02,2024-12-29
U0982,Low-carb,0.4,active,2024-03-30,2024-12-26
U0983,Balanced,-12.9,inactive,2024-03-02,2024-01-12
U0984,Keto,-13.5,inactive,2024-01-07,2024-11-02
U0985,Vegan,-0.4,active,2024-12-28,2024-12-31
U0986,Vegan,-5.1,inactive,2024-03-11,2024-04-14
U0987,High-protein,-1.2,active,2024-12-25,2024-12-27
U0988,Keto,-6.3,active,2024-01-06,2024-12-28
U0989,Vegan,-10.1,active,2024-03-24,2024-12-19
U0990,Balanced,1.4,trial,2024-09-11,2024-12-19
U0991,Keto,1,active,2024-06-26,2024-12-22
U0992,Balanced,-1.1,active,2024-09-24,2024-12-19
U0993,Keto,-9.6,active,2024-09-21,2024-12-29
U0994,Keto,-3.2,trial,2024-05-12,2024-12-09
U0995,High-protein,-7.8,inactive,2024-03-26,2024-10-17
U0996,Balanced,-13.2,active,2024-07-09,2024-12-29
U0997,Balanced,3.3,inactive,2024-03-05,2024-01-22
U0998,Keto,-12.3,inactive,2024-05-17,2024-04-23
U0999,High-protein,4,active,2024-03-01,2024-12-21
U1000,Low-carb,-6.1,active,2024-01-16,2024-12-25
