ENGAGEMENT ID,USER ID,NUTRITIONIST ID,SESSION DATE,LOGIN COUNT 7D,MEAL LOG COUNT,RFM SEGMENT,RFM SCORE,R SCORE,F SCORE,M SCORE,CHURN RISK SCORE,CHURN RISK LEVEL
E0001,U0001,N016,2024-12-22,20,50,At Risk,10,2,3,5,48.5,Medium Risk
E0002,U0002,N015,2024-05-29,3,4,Needs Attention,7,2,2,3,76.1,High Risk
E0003,U0003,—,2024-12-26,16,37,Potential,8,3,2,3,41.9,Medium Risk
E0004,U0004,N007,2024-12-09,7,15,Lost,3,1,1,1,83.0,High Risk
E0005,U0005,N002,2024-12-26,18,44,Loyal,11,4,3,4,30.6,Low Risk
E0006,U0006,N001,2024-12-29,10,54,Champion,14,4,5,5,18.8,Low Risk
E0007,U0007,N001,2024-12-28,18,54,At Risk,7,2,3,2,37.9,Low Risk
E0008,U0008,N012,2024-12-29,25,47,Loyal,12,3,5,4,25.5,Low Risk
E0009,U0009,N014,2024-11-22,3,15,Loyal,12,5,3,4,44.1,Medium Risk
E0010,U0010,N001,2024-12-23,30,40,Potential,10,5,2,3,29.7,Low Risk
E0011,U0011,N015,2024-01-27,2,1,Loyal,11,5,3,3,60.5,Medium Risk
E0012,U0012,—,2024-01-06,1,5,Loyal,11,3,4,4,68.2,Medium Risk
E0013,U0013,N020,2024-04-07,4,3,Potential,8,4,2,2,66.5,Medium Risk
E0014,U0014,N004,2024-12-18,16,46,Needs Attention,6,2,1,3,45.4,Medium Risk
E0015,U0015,N016,2024-01-20,0,7,Loyal,12,5,3,4,58.5,Medium Risk
E0016,U0016,N018,2024-12-22,22,41,Needs Attention,6,2,2,2,49.8,Medium Risk
E0017,U0017,N011,2024-12-29,21,14,Needs Attention,7,2,2,3,57.0,Medium Risk
E0018,U0018,—,2024-04-16,0,8,Potential,8,3,2,3,70.7,High Risk
E0019,U0019,N011,2024-12-31,25,51,Champion,14,4,5,5,18.1,Low Risk
E0020,U0020,—,2024-09-17,2,7,Lost,3,1,1,1,97.7,High Risk
E0021,U0021,N014,2024-12-26,10,53,Potential,10,5,2,3,24.5,Low Risk
E0022,U0022,—,2024-12-27,10,56,Champion,13,4,4,5,24.0,Low Risk
E0023,U0023,N002,2024-12-23,6,15,Lost,3,1,1,1,83.0,High Risk
E0024,U0024,N005,2024-12-24,30,48,Loyal,13,3,5,5,22.7,Low Risk
E0025,U0025,N013,2024-12-19,21,55,Loyal,12,3,4,5,29.8,Low Risk
E0026,U0026,N009,2024-12-11,4,7,Potential,5,3,1,1,57.2,Medium Risk
E0027,U0027,—,2024-12-27,29,38,Potential,10,5,2,3,30.5,Low Risk
E0028,U0028,N003,2024-12-05,10,12,Lost,3,1,1,1,84.0,High Risk
E0029,U0029,N012,2024-12-22,18,24,Potential,10,3,2,5,46.1,Medium Risk
E0030,U0030,—,2024-12-29,24,36,Loyal,13,3,5,5,26.7,Low Risk
E0031,U0031,—,2024-12-22,25,53,Loyal,12,5,3,4,20.6,Low Risk
E0032,U0032,—,2024-12-22,18,10,Champion,14,4,5,5,35.0,Low Risk
E0033,U0033,—,2024-02-05,0,5,Needs Attention,7,2,1,4,88.4,High Risk
E0034,U0034,N011,2024-12-30,11,59,Needs Attention,7,2,2,3,40.9,Medium Risk
E0035,U0035,—,2024-12-23,27,14,Loyal,12,5,4,3,33.1,Low Risk
E0036,U0036,—,2024-08-24,3,2,Lost,4,1,1,2,93.5,High Risk
E0037,U0037,—,2024-12-19,15,48,Loyal,13,3,5,5,25.7,Low Risk
E0038,U0038,N020,2024-12-31,13,21,Loyal,11,4,4,3,33.9,Low Risk
E0039,U0039,N012,2024-12-20,28,41,Loyal,12,2,5,5,39.2,Low Risk
E0040,U0040,—,2024-12-30,11,31,Loyal,13,5,3,5,29.6,Low Risk
E0041,U0041,N011,2024-02-12,0,6,Needs Attention,7,2,2,3,77.2,High Risk
E0042,U0042,—,2024-12-25,30,53,Potential,5,3,1,1,34.6,Low Risk
E0043,U0043,—,2024-04-03,3,6,Potential,9,3,2,4,69.0,Medium Risk
E0044,U0044,N019,2024-12-29,12,31,Potential,6,4,1,1,37.9,Low Risk
E0045,U0045,N008,2024-06-03,0,4,Lost,3,1,1,1,98.7,High Risk
E0046,U0046,—,2024-12-25,13,55,Loyal,11,5,3,3,20.4,Low Risk
E0047,U0047,—,2024-12-30,16,41,Potential,10,5,2,3,28.2,Low Risk
E0048,U0048,N018,2024-12-25,13,26,Champion,14,4,5,5,25.1,Low Risk
E0049,U0049,N003,2024-12-02,5,4,Potential,5,3,1,1,63.4,Medium Risk
E0050,U0050,N018,2024-12-30,28,50,Needs Attention,6,2,1,3,55.0,Medium Risk
E0051,U0051,N018,2024-10-14,2,7,Needs Attention,7,2,2,3,78.3,High Risk
E0052,U0052,—,2024-12-23,10,5,Lost,3,1,1,1,86.3,High Risk
E0053,U0053,N010,2024-12-23,27,13,Needs Attention,7,2,1,4,61.0,Medium Risk
E0054,U0054,—,2024-12-26,9,53,Loyal,13,3,5,5,18.8,Low Risk
E0055,U0055,N002,2024-12-24,3,3,Needs Attention,6,2,2,2,62.3,Medium Risk
E0056,U0056,—,2024-12-31,24,10,Needs Attention,9,2,2,5,63.8,Medium Risk
E0057,U0057,N003,2024-12-27,18,34,Needs Attention,9,3,3,3,37.8,Low Risk
E0058,U0058,N009,2024-12-22,8,46,Champion,14,4,5,5,15.0,Low Risk
E0059,U0059,N005,2024-09-04,2,1,Lost,3,1,1,1,99.7,High Risk
E0060,U0060,—,2024-12-22,14,50,Needs Attention,10,4,3,3,28.3,Low Risk
E0061,U0061,N019,2024-11-20,9,3,Potential,5,3,1,1,60.5,Medium Risk
E0062,U0062,—,2024-12-30,14,32,Loyal,13,3,5,5,26.6,Low Risk
E0063,U0063,N002,2024-12-22,29,19,Champion,15,5,5,5,20.6,Low Risk
E0064,U0064,N012,2024-04-20,2,2,Potential,10,5,2,3,61.7,Medium Risk
E0065,U0065,N004,2024-12-29,30,59,Champion,15,5,5,5,10.3,Low Risk
E0066,U0066,—,2024-12-18,24,19,Loyal,13,3,5,5,37.3,Low Risk
E0067,U0067,N018,2024-01-18,3,0,Needs Attention,5,2,1,2,79.3,High Risk
E0068,U0068,N008,2024-12-17,9,44,Champion,14,4,5,5,18.5,Low Risk
E0069,U0069,—,2024-12-17,11,29,Loyal,13,5,3,5,30.2,Low Risk
E0070,U0070,—,2024-12-02,6,2,Lost,3,1,1,1,87.3,High Risk
E0071,U0071,N019,2024-12-22,29,21,Champion,14,5,5,4,27.1,Low Risk
E0072,U0072,N004,2024-12-17,24,20,Champion,15,5,5,5,26.0,Low Risk
E0073,U0073,N001,2024-08-25,0,7,Lost,3,1,1,1,97.7,High Risk
E0074,U0074,N005,2024-12-22,27,19,Champion,13,4,5,4,33.1,Low Risk
E0075,U0075,—,2024-02-25,2,7,Potential,9,4,2,3,63.5,Medium Risk
E0076,U0076,N017,2024-11-26,8,13,Needs Attention,5,2,1,2,61.8,Medium Risk
E0077,U0077,—,2024-10-29,0,8,Loyal,12,5,3,4,58.1,Medium Risk
E0078,U0078,N017,2024-05-28,2,3,Needs Attention,8,2,2,4,81.5,High Risk
E0079,U0079,N019,2024-03-25,1,3,Lost,4,1,1,2,92.0,High Risk
E0080,U0080,N007,2024-12-25,14,60,Needs Attention,10,4,3,3,21.9,Low Risk
E0081,U0081,N008,2024-12-31,9,32,Potential,7,3,2,2,40.5,Medium Risk
E0082,U0082,—,2024-12-20,23,52,Potential,8,4,1,3,31.5,Low Risk
E0083,U0083,—,2024-12-18,26,16,Champion,13,4,4,5,35.7,Low Risk
E0084,U0084,N007,2024-12-21,24,15,Champion,15,5,5,5,31.0,Low Risk
E0085,U0085,N010,2024-12-17,28,30,Potential,8,4,1,3,35.9,Low Risk
E0086,U0086,—,2024-12-22,24,46,Loyal,12,5,3,4,22.9,Low Risk
E0087,U0087,N019,2024-12-23,30,44,Potential,9,3,2,4,36.7,Low Risk
E0088,U0088,N019,2024-01-07,3,8,Potential,8,3,2,3,67.5,Medium Risk
E0089,U0089,—,2024-12-26,14,28,Needs Attention,6,2,2,2,51.4,Medium Risk
E0090,U0090,—,2024-12-19,12,38,Champion,14,5,4,5,24.2,Low Risk
E0091,U0091,N004,2024-11-27,5,5,Lost,3,1,1,1,86.3,High Risk
E0092,U0092,N009,2024-12-25,20,37,Potential,10,4,2,4,32.0,Low Risk
E0093,U0093,N016,2024-12-23,3,8,Potential,7,4,1,2,51.6,Medium Risk
E0094,U0094,—,2024-12-26,23,16,Potential,7,3,1,3,45.8,Medium Risk
E0095,U0095,—,2024-12-22,25,40,Champion,14,5,5,4,18.3,Low Risk
E0096,U0096,N009,2024-03-22,3,4,Loyal,12,4,3,5,59.8,Medium Risk
E0097,U0097,N019,2024-12-21,6,13,Lost,3,1,1,1,83.7,High Risk
E0098,U0098,—,2024-08-27,4,0,Lost,3,1,1,1,100.0,High Risk
E0099,U0099,N004,2024-02-05,0,4,Lost,3,1,1,1,98.7,High Risk
E0100,U0100,N008,2024-09-04,5,8,Potential,8,3,2,3,70.8,High Risk
E0101,U0101,—,2024-12-20,28,30,Champion,14,4,5,5,23.5,Low Risk
E0102,U0102,—,2024-12-31,9,44,Needs Attention,10,4,3,3,29.0,Low Risk
E0103,U0103,N002,2024-12-25,9,29,Potential,6,4,1,1,39.8,Low Risk
E0104,U0104,N013,2024-03-01,1,5,Needs Attention,6,2,1,3,83.7,High Risk
E0105,U0105,—,2024-03-16,0,6,Potential,8,5,1,2,61.7,Medium Risk
E0106,U0106,—,2024-12-13,10,14,Lost,3,1,1,1,83.3,High Risk
E0107,U0107,N019,2024-11-09,4,5,At Risk,9,2,3,4,75.5,High Risk
E0108,U0108,—,2024-11-25,5,2,Potential,7,3,2,2,57.4,Medium Risk
E0109,U0109,—,2024-06-21,1,3,Potential,6,3,1,2,74.5,High Risk
E0110,U0110,—,2024-12-28,10,55,Potential,10,3,2,5,32.6,Low Risk
E0111,U0111,N014,2024-02-13,3,3,Needs Attention,4,2,1,1,76.7,High Risk
E0112,U0112,—,2024-12-31,28,49,Loyal,12,2,5,5,32.0,Low Risk
E0113,U0113,—,2024-08-18,0,6,Potential,8,4,1,3,64.6,Medium Risk
E0114,U0114,—,2024-12-17,30,17,Potential,10,4,2,4,40.8,Medium Risk
E0115,U0115,N004,2024-12-17,17,10,Champion,14,5,4,5,33.3,Low Risk
E0116,U0116,N011,2024-12-03,5,11,Potential,6,3,1,2,54.6,Medium Risk
E0117,U0117,N013,2024-12-18,13,34,Potential,8,4,2,2,33.4,Low Risk
E0118,U0118,N009,2024-05-10,1,5,Potential,7,3,2,2,68.3,Medium Risk
E0119,U0119,N007,2024-09-20,0,2,Potential,7,5,1,1,64.1,Medium Risk
E0120,U0120,N005,2024-12-08,5,10,At Risk,9,2,3,4,62.5,Medium Risk
E0121,U0121,—,2024-11-18,8,11,Potential,8,3,2,3,56.2,Medium Risk
E0122,U0122,—,2024-12-07,6,4,Lost,3,1,1,1,86.7,High Risk
E0123,U0123,N008,2024-12-24,8,12,Loyal,11,5,2,4,45.4,Medium Risk
E0124,U0124,N009,2024-05-22,3,6,Lost,3,1,1,1,98.0,High Risk
E0125,U0125,N009,2024-03-27,2,3,Lost,3,1,1,1,99.0,High Risk
E0126,U0126,—,2024-12-31,16,48,At Risk,9,2,3,4,46.9,Medium Risk
E0127,U0127,N002,2024-11-26,8,1,Lost,4,1,1,2,80.0,High Risk
E0128,U0128,N002,2024-12-10,4,11,Needs Attention,5,2,1,2,73.0,High Risk
E0129,U0129,N017,2024-12-30,10,50,Needs Attention,4,2,1,1,54.2,Medium Risk
E0130,U0130,—,2024-12-17,11,20,Champion,14,5,4,5,29.8,Low Risk
E0131,U0131,N010,2024-08-30,3,1,Needs Attention,5,2,1,2,89.2,High Risk
E0132,U0132,—,2024-12-29,25,30,Champion,13,4,5,4,30.4,Low Risk
E0133,U0133,—,2024-12-20,16,53,Champion,14,5,5,4,14.6,Low Risk
E0134,U0134,N001,2024-12-27,30,35,Loyal,12,4,3,5,32.3,Low Risk
E0135,U0135,N017,2024-12-06,10,5,Needs Attention,6,2,2,2,62.3,Medium Risk
E0136,U0136,—,2024-10-07,4,4,Lost,3,1,1,1,98.7,High Risk
E0137,U0137,N010,2024-12-18,11,35,Potential,9,5,2,2,31.6,Low Risk
E0138,U0138,N015,2024-12-23,14,15,Loyal,12,5,3,4,34.9,Low Risk
E0139,U0139,—,2024-09-27,3,3,Lost,3,1,1,1,99.0,High Risk
E0140,U0140,N016,2024-12-24,24,12,Loyal,11,3,3,5,47.7,Medium Risk
E0141,U0141,N009,2024-10-05,3,1,Potential,6,4,1,1,65.9,Medium Risk
E0142,U0142,—,2024-12-18,15,12,Champion,13,5,4,4,34.0,Low Risk
E0143,U0143,—,2024-12-30,20,21,Champion,15,5,5,5,20.9,Low Risk
E0144,U0144,N001,2024-12-28,30,14,Lost,3,1,1,1,75.3,High Risk
E0145,U0145,N016,2024-12-26,21,49,Lost,3,1,1,1,63.7,Medium Risk
E0146,U0146,—,2024-04-19,3,2,Potential,6,4,1,1,67.0,Medium Risk
E0147,U0147,N018,2024-03-19,4,0,Lost,3,1,1,1,100.0,High Risk
E0148,U0148,N005,2024-06-22,1,3,Potential,8,4,2,2,63.0,Medium Risk
E0149,U0149,—,2024-12-31,9,46,Needs Attention,6,2,2,2,40.4,Medium Risk
E0150,U0150,N017,2024-12-18,12,31,Champion,12,4,4,4,29.8,Low Risk
E0151,U0151,—,2024-12-26,16,21,Loyal,11,5,3,3,31.9,Low Risk
E0152,U0152,—,2024-01-07,3,3,Lost,6,1,1,4,95.7,High Risk
E0153,U0153,N017,2024-05-21,0,6,Potential,8,4,2,2,63.3,Medium Risk
E0154,U0154,N013,2024-12-23,12,28,Needs Attention,8,2,2,4,55.7,Medium Risk
E0155,U0155,—,2024-08-29,0,3,Potential,9,4,2,3,65.6,Medium Risk
E0156,U0156,N004,2024-12-26,28,22,Potential,7,4,1,2,38.5,Low Risk
E0157,U0157,—,2024-12-24,29,56,At Risk,8,2,3,3,36.4,Low Risk
E0158,U0158,—,2024-12-30,8,38,Potential,10,4,2,4,34.3,Low Risk
E0159,U0159,N018,2024-07-07,1,8,Potential,5,3,1,1,73.6,High Risk
E0160,U0160,N019,2024-12-29,25,20,Champion,14,4,5,5,28.7,Low Risk
E0161,U0161,N017,2024-12-31,25,30,Loyal,12,5,3,4,29.9,Low Risk
E0162,U0162,N016,2024-12-30,11,53,Needs Attention,10,3,3,4,29.1,Low Risk
E0163,U0163,N001,2024-03-03,3,8,Loyal,11,5,2,4,59.2,Medium Risk
E0164,U0164,—,2024-12-20,8,49,Loyal,13,5,3,5,24.0,Low Risk
E0165,U0165,—,2024-05-26,1,5,Needs Attention,10,4,3,3,62.2,Medium Risk
E0166,U0166,N018,2024-12-17,9,19,Champion,14,5,5,4,30.2,Low Risk
E0167,U0167,N011,2024-12-28,11,53,Loyal,12,2,5,5,33.2,Low Risk
E0168,U0168,—,2024-11-30,0,6,Lost,3,1,1,1,98.0,High Risk
E0169,U0169,—,2024-12-18,26,13,At Risk,8,2,3,3,50.5,Medium Risk
E0170,U0170,—,2024-12-22,20,59,Potential,7,4,1,2,26.9,Low Risk
E0171,U0171,—,2024-12-19,11,24,Lost,3,1,1,1,72.0,High Risk
E0172,U0172,N009,2024-12-22,28,12,Champion,15,5,5,5,29.7,Low Risk
E0173,U0173,N009,2024-12-31,25,14,Potential,9,4,2,3,40.4,Medium Risk
E0174,U0174,N013,2024-12-17,28,40,Needs Attention,9,3,3,3,35.3,Low Risk
E0175,U0175,N020,2024-12-25,26,51,Lost,3,1,1,1,63.0,Medium Risk
E0176,U0176,N012,2024-04-15,2,6,Champion,14,5,4,5,56.2,Medium Risk
E0177,U0177,—,2024-12-24,15,53,Loyal,12,5,3,4,21.7,Low Risk
E0178,U0178,N007,2024-12-26,27,26,Champion,14,5,4,5,27.8,Low Risk
E0179,U0179,N011,2024-03-31,5,7,Lost,3,1,1,1,97.7,High Risk
E0180,U0180,—,2024-12-23,12,39,Loyal,11,5,2,4,28.3,Low Risk
E0181,U0181,—,2024-12-15,7,4,Potential,8,5,1,2,51.5,Medium Risk
E0182,U0182,N008,2024-12-13,6,11,Needs Attention,10,4,3,3,49.0,Medium Risk
E0183,U0183,N016,2024-12-17,20,26,Champion,13,4,5,4,28.2,Low Risk
E0184,U0184,—,2024-12-23,4,6,Lost,3,1,1,1,86.0,High Risk
E0185,U0185,N001,2024-12-29,21,29,Champion,13,4,5,4,28.6,Low Risk
E0186,U0186,N004,2024-12-25,9,39,Potential,6,3,1,2,39.3,Low Risk
E0187,U0187,N005,2024-12-10,10,14,Lost,3,1,1,1,83.3,High Risk
E0188,U0188,—,2024-12-02,8,3,Needs Attention,5,2,1,2,67.4,Medium Risk
E0189,U0189,N007,2024-04-30,1,6,Lost,3,1,1,1,98.0,High Risk
E0190,U0190,N018,2024-04-14,3,7,Potential,10,5,2,3,60.1,Medium Risk
E0191,U0191,N003,2024-04-08,3,6,Lost,3,1,1,1,98.0,High Risk
E0192,U0192,—,2024-12-26,19,31,Potential,7,3,1,3,44.7,Medium Risk
E0193,U0193,N018,2024-12-29,29,35,Loyal,11,3,4,4,34.2,Low Risk
E0194,U0194,N005,2024-12-28,24,23,Needs Attention,10,3,4,3,35.4,Low Risk
E0195,U0195,—,2024-12-28,14,55,Loyal,11,5,3,3,20.5,Low Risk
E0196,U0196,—,2024-12-01,5,14,Lost,3,1,1,1,83.3,High Risk
E0197,U0197,—,2024-05-06,3,8,Needs Attention,5,2,1,2,75.9,High Risk
E0198,U0198,—,2024-12-05,7,11,Loyal,13,5,3,5,43.1,Medium Risk
E0199,U0199,—,2024-12-15,5,7,Lost,3,1,1,1,85.7,High Risk
E0200,U0200,N004,2024-12-23,23,16,Champion,15,5,5,5,26.1,Low Risk
E0201,U0201,N019,2024-11-28,9,5,Potential,7,4,1,2,56.1,Medium Risk
E0202,U0202,N007,2024-12-28,9,22,Champion,15,5,5,5,26.3,Low Risk
E0203,U0203,—,2024-09-12,2,8,Potential,10,4,2,4,60.9,Medium Risk
E0204,U0204,N020,2024-12-17,29,34,Champion,14,5,4,5,24.6,Low Risk
E0205,U0205,—,2024-12-29,24,37,At Risk,10,2,4,4,41.3,Medium Risk
E0206,U0206,N020,2024-12-20,22,11,Lost,5,1,2,2,68.6,Medium Risk
E0207,U0207,N008,2024-12-22,14,34,Needs Attention,10,3,3,4,40.1,Medium Risk
E0208,U0208,—,2024-12-27,29,21,Needs Attention,9,2,2,5,56.0,Medium Risk
E0209,U0209,N018,2024-12-19,29,46,Champion,14,5,4,5,22.9,Low Risk
E0210,U0210,—,2024-12-25,12,51,Loyal,11,4,3,4,26.0,Low Risk
E0211,U0211,N001,2024-12-19,26,60,Loyal,11,5,3,3,20.0,Low Risk
E0212,U0212,N016,2024-12-25,14,19,At Risk,10,2,3,5,47.7,Medium Risk
E0213,U0213,N007,2024-12-09,7,8,Needs Attention,6,2,1,3,66.9,Medium Risk
E0214,U0214,N011,2024-12-17,12,58,Loyal,13,5,3,5,19.4,Low Risk
E0215,U0215,—,2024-01-24,3,5,Potential,7,3,2,2,70.9,High Risk
E0216,U0216,N008,2024-12-22,10,12,Loyal,11,4,2,5,48.9,Medium Risk
E0217,U0217,N009,2024-12-20,3,13,Lost,3,1,1,1,83.7,High Risk
E0218,U0218,—,2024-12-31,10,11,Champion,14,4,5,5,31.8,Low Risk
E0219,U0219,N012,2024-12-18,9,31,Potential,8,3,2,3,44.4,Medium Risk
E0220,U0220,N018,2024-12-17,10,30,Potential,9,5,2,2,32.7,Low Risk
E0221,U0221,N001,2024-09-15,2,3,Potential,8,3,2,3,66.9,Medium Risk
E0222,U0222,N019,2024-10-29,1,4,Lost,3,1,1,1,98.7,High Risk
E0223,U0223,—,2024-02-07,2,5,Needs Attention,6,2,2,2,74.0,High Risk
E0224,U0224,—,2024-12-26,22,40,At Risk,10,2,4,4,39.0,Low Risk
E0225,U0225,—,2024-07-06,5,2,Lost,4,1,1,2,94.4,High Risk
E0226,U0226,—,2024-12-19,17,16,Champion,15,5,5,5,26.1,Low Risk
E0227,U0227,N006,2024-09-15,4,2,Lost,3,1,1,1,99.3,High Risk
E0228,U0228,—,2024-10-02,1,6,Loyal,11,4,3,4,59.9,Medium Risk
E0229,U0229,—,2024-12-25,25,49,Potential,10,5,2,3,25.6,Low Risk
E0230,U0230,—,2024-11-19,4,9,Needs Attention,5,2,1,2,68.2,Medium Risk
E0231,U0231,N015,2024-07-11,5,7,Needs Attention,9,4,3,2,60.6,Medium Risk
E0232,U0232,—,2024-10-04,5,3,Lost,3,1,1,1,99.0,High Risk
E0233,U0233,—,2024-04-18,5,2,Potential,8,5,1,2,62.7,Medium Risk
E0234,U0234,—,2024-12-22,3,13,Potential,7,3,2,2,57.9,Medium Risk
E0235,U0235,N007,2024-04-03,1,6,Potential,7,5,1,1,62.6,Medium Risk
E0236,U0236,—,2024-12-29,20,40,Potential,7,3,2,2,39.7,Low Risk
E0237,U0237,N010,2024-12-20,8,47,Potential,9,5,2,2,25.7,Low Risk
E0238,U0238,N014,2024-12-22,19,38,Needs Attention,8,3,3,2,38.0,Low Risk
E0239,U0239,—,2024-12-24,26,21,Champion,15,5,5,5,26.7,Low Risk
E0240,U0240,—,2024-12-21,8,41,Needs Attention,10,4,3,3,28.4,Low Risk
E0241,U0241,N016,2024-12-17,26,32,Loyal,13,3,5,5,23.3,Low Risk
E0242,U0242,—,2024-12-17,18,15,Potential,9,4,2,3,38.5,Low Risk
E0243,U0243,—,2024-12-29,19,14,Potential,7,4,1,2,45.1,Medium Risk
E0244,U0244,—,2024-12-27,12,49,Loyal,12,2,5,5,36.5,Low Risk
E0245,U0245,—,2024-12-17,29,35,Champion,14,4,5,5,28.3,Low Risk
E0246,U0246,N014,2024-12-12,4,2,Needs Attention,6,2,2,2,72.8,High Risk
E0247,U0247,—,2024-12-27,28,30,Champion,13,4,4,5,31.1,Low Risk
E0248,U0248,N007,2024-11-16,3,6,Lost,4,1,1,2,82.6,High Risk
E0249,U0249,—,2024-11-17,9,1,Potential,9,4,2,3,51.2,Medium Risk
E0250,U0250,N014,2024-05-29,3,2,Lost,3,1,1,1,99.3,High Risk
E0251,U0251,—,2024-12-23,16,22,At Risk,9,2,3,4,51.8,Medium Risk
E0252,U0252,N009,2024-12-17,16,43,Potential,9,5,2,2,26.6,Low Risk
E0253,U0253,N018,2024-06-21,0,7,Lost,3,1,1,1,97.7,High Risk
E0254,U0254,N017,2024-01-04,1,0,Lost,3,1,1,1,100.0,High Risk
E0255,U0255,N019,2024-12-05,5,12,Lost,3,1,1,1,84.0,High Risk
E0256,U0256,N019,2024-12-25,16,38,Loyal,11,4,3,4,28.9,Low Risk
E0257,U0257,N015,2024-12-07,7,1,Needs Attention,6,2,2,2,62.7,Medium Risk
E0258,U0258,—,2024-10-21,5,7,Potential,7,5,1,1,61.2,Medium Risk
E0259,U0259,N018,2024-12-31,18,45,Champion,15,5,5,5,7.9,Low Risk
E0260,U0260,N007,2024-12-31,12,49,Loyal,12,5,3,4,21.8,Low Risk
E0261,U0261,N014,2024-12-27,26,11,Needs Attention,6,2,1,3,65.5,Medium Risk
E0262,U0262,—,2024-12-17,20,22,Potential,8,3,2,3,44.8,Medium Risk
E0263,U0263,N015,2024-12-25,23,34,Loyal,12,2,5,5,35.7,Low Risk
E0264,U0264,—,2024-12-07,2,12,Lost,3,1,1,1,84.0,High Risk
E0265,U0265,—,2024-12-26,30,34,Potential,8,3,2,3,40.2,Medium Risk
E0266,U0266,—,2024-04-28,2,8,Potential,9,4,1,4,63.4,Medium Risk
E0267,U0267,N001,2024-12-26,21,55,At Risk,8,2,3,3,45.5,Medium Risk
E0268,U0268,—,2024-12-20,12,32,Champion,14,4,5,5,23.7,Low Risk
E0269,U0269,—,2024-12-28,16,45,Loyal,13,3,5,5,28.0,Low Risk
E0270,U0270,N015,2024-12-27,23,28,Champion,13,5,4,4,29.4,Low Risk
E0271,U0271,N019,2024-12-17,10,38,Loyal,12,2,5,5,36.0,Low Risk
E0272,U0272,—,2024-12-19,29,15,Champion,13,4,5,4,34.1,Low Risk
E0273,U0273,N002,2024-12-18,29,30,Champion,15,5,5,5,26.2,Low Risk
E0274,U0274,—,2024-12-31,24,17,Potential,9,3,2,4,44.7,Medium Risk
E0275,U0275,N004,2024-12-30,12,58,Potential,9,4,2,3,27.7,Low Risk
E0276,U0276,N013,2024-12-29,15,14,At Risk,9,2,3,4,61.2,Medium Risk
E0277,U0277,N019,2024-12-29,19,14,Needs Attention,10,5,3,2,34.3,Low Risk
E0278,U0278,N005,2024-10-18,4,3,Lost,3,1,1,1,99.0,High Risk
E0279,U0279,—,2024-11-25,0,0,Needs Attention,5,2,1,2,85.1,High Risk
E0280,U0280,—,2024-01-20,5,5,Potential,6,3,1,2,73.0,High Risk
E0281,U0281,N005,2024-12-22,10,19,Needs Attention,10,4,3,3,35.6,Low Risk
E0282,U0282,—,2024-12-21,28,39,Champion,13,4,5,4,22.3,Low Risk
E0283,U0283,—,2024-01-23,2,1,Potential,6,3,1,2,76.1,High Risk
E0284,U0284,N018,2024-12-20,11,13,Needs Attention,9,3,3,3,48.0,Medium Risk
E0285,U0285,N008,2024-10-21,1,3,Lost,4,1,1,2,92.0,High Risk
E0286,U0286,N003,2024-10-16,1,1,Needs Attention,5,2,1,2,89.1,High Risk
E0287,U0287,—,2024-12-10,2,7,Lost,3,1,1,1,85.7,High Risk
E0288,U0288,N009,2024-12-19,5,1,Needs Attention,5,2,1,2,71.5,High Risk
E0289,U0289,—,2024-12-21,20,30,At Risk,8,2,3,3,45.7,Medium Risk
E0290,U0290,N006,2024-04-02,4,3,Potential,9,4,2,3,63.5,Medium Risk
E0291,U0291,—,2024-12-24,14,55,Needs Attention,6,2,2,2,39.1,Low Risk
E0292,U0292,N007,2024-12-29,27,55,Champion,14,5,5,4,14.6,Low Risk
E0293,U0293,—,2024-11-17,9,5,Lost,3,1,1,1,86.3,High Risk
E0294,U0294,N003,2024-08-29,0,7,Loyal,11,4,3,4,62.0,Medium Risk
E0295,U0295,N020,2024-12-30,24,10,Loyal,11,5,3,3,37.0,Low Risk
E0296,U0296,N014,2024-07-20,1,3,Needs Attention,7,2,1,4,88.7,High Risk
E0297,U0297,N018,2024-11-20,4,15,Potential,7,3,2,2,51.8,Medium Risk
E0298,U0298,—,2024-12-20,26,22,At Risk,10,2,4,4,53.5,Medium Risk
E0299,U0299,N015,2024-12-19,11,54,Potential,8,5,1,2,27.5,Low Risk
E0300,U0300,—,2024-08-28,0,3,Loyal,11,4,3,4,63.1,Medium Risk
E0301,U0301,—,2024-12-10,7,13,Potential,6,3,1,2,59.8,Medium Risk
E0302,U0302,N001,2024-01-11,1,6,Needs Attention,6,2,2,2,87.3,High Risk
E0303,U0303,—,2024-11-28,6,10,Potential,5,3,1,1,58.8,Medium Risk
E0304,U0304,—,2024-08-12,4,4,Needs Attention,7,2,2,3,73.6,High Risk
E0305,U0305,—,2024-06-08,3,4,Needs Attention,9,3,3,3,70.8,High Risk
E0306,U0306,N001,2024-12-31,15,43,Loyal,13,5,3,5,24.2,Low Risk
E0307,U0307,N001,2024-07-10,5,4,Potential,6,4,1,1,66.2,Medium Risk
E0308,U0308,—,2024-12-31,13,14,Potential,7,3,2,2,49.9,Medium Risk
E0309,U0309,—,2024-12-26,10,41,Loyal,12,5,3,4,26.7,Low Risk
E0310,U0310,N019,2024-12-19,9,49,Loyal,11,4,3,4,25.9,Low Risk
E0311,U0311,—,2024-12-21,21,15,Champion,12,4,4,4,34.8,Low Risk
E0312,U0312,N016,2024-12-31,30,38,Loyal,11,3,4,4,36.4,Low Risk
E0313,U0313,N004,2024-11-17,3,6,Lost,3,1,1,1,86.0,High Risk
E0314,U0314,N018,2024-12-21,19,54,Champion,15,5,5,5,16.0,Low Risk
E0315,U0315,N002,2024-12-30,27,53,Needs Attention,10,3,3,4,32.6,Low Risk
E0316,U0316,N020,2024-12-20,26,26,Loyal,11,3,3,5,42.9,Medium Risk
E0317,U0317,—,2024-12-26,18,38,Lost,3,1,1,1,67.3,Medium Risk
E0318,U0318,—,2024-11-23,9,6,Needs Attention,5,2,1,2,77.3,High Risk
E0319,U0319,—,2024-12-24,17,58,Potential,10,4,2,4,26.9,Low Risk
E0320,U0320,—,2024-08-26,2,8,Needs Attention,4,2,1,1,87.5,High Risk
E0321,U0321,—,2024-12-14,5,10,Needs Attention,7,2,2,3,70.1,High Risk
E0322,U0322,N010,2024-12-02,2,12,Lost,3,1,1,1,84.0,High Risk
E0323,U0323,N009,2024-12-17,21,39,Champion,14,4,5,5,18.6,Low Risk
E0324,U0324,—,2024-12-17,22,30,Champion,12,4,4,4,31.4,Low Risk
E0325,U0325,N005,2024-04-08,3,7,Lost,4,1,1,2,90.1,High Risk
E0326,U0326,N019,2024-12-29,22,19,Needs Attention,5,2,1,2,63.9,Medium Risk
E0327,U0327,N010,2024-12-31,20,36,Lost,4,1,1,2,61.4,Medium Risk
E0328,U0328,N003,2024-12-26,12,60,Potential,7,3,2,2,29.6,Low Risk
E0329,U0329,—,2024-12-15,8,14,Needs Attention,5,2,1,2,66.9,Medium Risk
E0330,U0330,N010,2024-11-24,3,5,Needs Attention,6,2,1,3,82.3,High Risk
E0331,U0331,N002,2024-12-13,8,13,Lost,4,1,1,2,76.1,High Risk
E0332,U0332,—,2024-12-29,12,47,Loyal,11,4,4,3,25.6,Low Risk
E0333,U0333,N017,2024-12-31,14,16,Needs Attention,10,4,3,3,38.1,Low Risk
E0334,U0334,N001,2024-12-29,20,40,Champion,12,4,4,4,26.9,Low Risk
E0335,U0335,—,2024-08-22,2,5,Lost,3,1,1,1,98.3,High Risk
E0336,U0336,—,2024-12-25,8,41,Potential,10,5,2,3,29.1,Low Risk
E0337,U0337,N008,2024-12-18,13,29,Needs Attention,9,3,4,2,37.8,Low Risk
E0338,U0338,—,2024-12-28,25,27,Loyal,11,4,3,4,34.2,Low Risk
E0339,U0339,N003,2024-01-26,1,7,Needs Attention,5,2,1,2,78.0,High Risk
E0340,U0340,—,2024-12-25,23,37,Potential,6,3,1,2,44.0,Medium Risk
E0341,U0341,N017,2024-12-21,13,41,Needs Attention,10,3,3,4,35.5,Low Risk
E0342,U0342,—,2024-12-30,9,32,Loyal,12,3,5,4,37.1,Low Risk
E0343,U0343,—,2024-11-24,3,6,Needs Attention,6,2,2,2,61.1,Medium Risk
E0344,U0344,—,2024-12-29,27,28,Loyal,13,3,5,5,31.5,Low Risk
E0345,U0345,N009,2024-11-23,5,9,Lost,3,1,1,1,85.0,High Risk
E0346,U0346,N011,2024-12-24,14,36,Loyal,13,3,5,5,28.1,Low Risk
E0347,U0347,—,2024-12-14,2,5,Lost,3,1,1,1,86.3,High Risk
E0348,U0348,—,2024-12-05,7,11,Needs Attention,5,2,1,2,64.6,Medium Risk
E0349,U0349,—,2024-12-25,29,49,Loyal,11,4,3,4,26.5,Low Risk
E0350,U0350,—,2024-12-22,27,17,Champion,15,5,5,5,30.7,Low Risk
E0351,U0351,N002,2024-12-27,12,43,Champion,14,4,5,5,24.0,Low Risk
E0352,U0352,N002,2024-12-26,18,56,Needs Attention,10,3,3,4,27.0,Low Risk
E0353,U0353,N002,2024-11-18,4,6,Potential,9,4,2,3,49.5,Medium Risk
E0354,U0354,N008,2024-12-23,9,2,Lost,3,1,1,1,87.3,High Risk
E0355,U0355,N020,2024-11-28,9,6,Needs Attention,8,2,2,4,62.4,Medium Risk
E0356,U0356,N020,2024-12-26,15,23,Champion,12,4,4,4,34.5,Low Risk
E0357,U0357,—,2024-12-17,30,24,Lost,4,1,1,2,68.1,Medium Risk
E0358,U0358,N020,2024-07-11,2,7,Needs Attention,6,2,2,2,79.4,High Risk
E0359,U0359,N017,2024-11-18,10,6,Needs Attention,7,2,1,4,74.6,High Risk
E0360,U0360,—,2024-09-27,2,3,Lost,3,1,1,1,99.0,High Risk
E0361,U0361,—,2024-12-21,18,60,Lost,3,1,1,1,60.0,Medium Risk
E0362,U0362,—,2024-11-17,5,12,Potential,7,4,1,2,53.6,Medium Risk
E0363,U0363,—,2024-12-09,5,14,Lost,3,1,1,1,83.3,High Risk
E0364,U0364,—,2024-12-24,23,46,Potential,9,4,2,3,31.9,Low Risk
E0365,U0365,—,2024-03-15,0,5,Lost,3,1,1,1,98.3,High Risk
E0366,U0366,N004,2024-12-19,11,34,Champion,15,5,5,5,13.3,Low Risk
E0367,U0367,N017,2024-12-04,4,10,Needs Attention,7,2,2,3,62.6,Medium Risk
E0368,U0368,N009,2024-12-24,10,43,Potential,10,4,2,4,31.8,Low Risk
E0369,U0369,N009,2024-12-17,22,48,Champion,15,5,5,5,15.7,Low Risk
E0370,U0370,N006,2024-11-26,6,2,Potential,9,4,2,3,51.7,Medium Risk
E0371,U0371,N016,2024-12-28,20,59,Champion,13,4,4,5,20.9,Low Risk
E0372,U0372,N008,2024-12-29,16,55,Needs Attention,10,3,3,4,29.2,Low Risk
E0373,U0373,N013,2024-12-31,19,59,Needs Attention,5,2,1,2,44.3,Medium Risk
E0374,U0374,N007,2024-12-28,23,25,Needs Attention,5,2,1,2,50.4,Medium Risk
E0375,U0375,N003,2024-12-26,28,10,Lost,4,1,1,2,74.2,High Risk
E0376,U0376,—,2024-12-24,19,49,Loyal,13,3,5,5,24.3,Low Risk
E0377,U0377,—,2024-12-19,25,19,Lost,5,1,1,3,69.7,Medium Risk
E0378,U0378,N005,2024-11-23,6,6,Lost,4,1,1,2,79.2,High Risk
E0379,U0379,N020,2024-12-17,18,48,Loyal,12,4,5,3,20.6,Low Risk
E0380,U0380,N006,2024-12-18,25,22,Needs Attention,7,2,2,3,49.0,Medium Risk
E0381,U0381,N010,2024-11-16,5,15,Lost,3,1,1,1,83.0,High Risk
E0382,U0382,N006,2024-12-21,3,5,Lost,4,1,1,2,79.1,High Risk
E0383,U0383,—,2024-03-08,5,3,Lost,3,1,1,1,99.0,High Risk
E0384,U0384,N005,2024-07-27,4,4,Potential,8,3,2,3,68.8,Medium Risk
E0385,U0385,—,2024-12-20,20,37,Champion,13,5,4,4,26.4,Low Risk
E0386,U0386,N017,2024-12-27,8,29,Needs Attention,7,2,2,3,49.7,Medium Risk
E0387,U0387,N004,2024-12-06,5,3,At Risk,8,2,3,3,62.1,Medium Risk
E0388,U0388,—,2024-01-03,0,0,Potential,8,5,1,2,64.8,Medium Risk
E0389,U0389,N003,2024-12-25,28,58,Loyal,11,2,4,5,32.8,Low Risk
E0390,U0390,N002,2024-04-07,0,5,Lost,3,1,1,1,94.4,High Risk
E0391,U0391,N010,2024-12-21,12,38,Loyal,13,5,3,5,27.9,Low Risk
E0392,U0392,N013,2024-12-29,20,45,Champion,15,5,5,5,18.9,Low Risk
E0393,U0393,—,2024-12-19,27,38,Champion,14,4,5,5,22.3,Low Risk
E0394,U0394,N012,2024-12-17,18,16,Loyal,12,4,5,3,34.8,Low Risk
E0395,U0395,N002,2024-12-07,6,8,Potential,7,4,1,2,54.7,Medium Risk
E0396,U0396,—,2024-12-22,14,55,Lost,3,1,1,1,61.7,Medium Risk
E0397,U0397,N012,2024-09-09,3,4,Needs Attention,5,2,1,2,89.8,High Risk
E0398,U0398,—,2024-12-26,26,18,Champion,13,4,5,4,32.3,Low Risk
E0399,U0399,N010,2024-12-31,8,17,Champion,12,4,4,4,34.1,Low Risk
E0400,U0400,—,2024-12-24,18,45,Potential,10,5,2,3,25.6,Low Risk
E0401,U0401,N001,2024-12-26,19,19,Needs Attention,6,2,2,2,61.3,Medium Risk
E0402,U0402,N016,2024-12-31,20,45,Loyal,11,3,4,4,35.0,Low Risk
E0403,U0403,—,2024-12-21,28,37,Loyal,13,3,5,5,33.6,Low Risk
E0404,U0404,N009,2024-09-01,2,6,Lost,3,1,1,1,98.0,High Risk
E0405,U0405,N017,2024-12-18,18,49,Champion,15,5,5,5,17.5,Low Risk
E0406,U0406,N017,2024-12-27,9,51,Needs Attention,6,2,1,3,48.0,Medium Risk
E0407,U0407,N001,2024-11-18,7,10,Potential,9,4,2,3,51.2,Medium Risk
E0408,U0408,N004,2024-11-03,0,8,Needs Attention,5,2,1,2,76.8,High Risk
E0409,U0409,—,2024-12-29,30,55,Needs Attention,6,2,1,3,49.0,Medium Risk
E0410,U0410,N017,2024-12-17,23,14,Needs Attention,10,4,3,3,39.7,Low Risk
E0411,U0411,N009,2024-12-29,10,18,Champion,14,5,4,5,30.9,Low Risk
E0412,U0412,—,2024-12-29,11,43,Loyal,11,2,5,4,34.5,Low Risk
E0413,U0413,N015,2024-12-30,30,25,Potential,9,3,2,4,43.0,Medium Risk
E0414,U0414,N002,2024-06-11,2,5,Loyal,11,5,3,3,58.1,Medium Risk
E0415,U0415,N011,2024-12-26,10,36,Loyal,12,3,4,5,35.4,Low Risk
E0416,U0416,—,2024-12-25,10,41,Needs Attention,7,2,2,3,48.7,Medium Risk
E0417,U0417,N002,2024-03-08,4,0,Potential,10,5,1,4,65.2,Medium Risk
E0418,U0418,N010,2024-12-19,21,51,Loyal,12,4,3,5,24.7,Low Risk
E0419,U0419,—,2024-12-15,8,12,Lost,3,1,1,1,84.0,High Risk
E0420,U0420,N007,2024-12-18,25,15,Champion,15,5,5,5,29.3,Low Risk
E0421,U0421,N012,2024-12-29,14,38,At Risk,8,2,3,3,41.5,Medium Risk
E0422,U0422,—,2024-12-17,11,58,Loyal,11,3,5,3,25.6,Low Risk
E0423,U0423,N019,2024-12-09,6,4,Potential,6,3,1,2,60.4,Medium Risk
E0424,U0424,—,2024-11-19,0,8,Needs Attention,10,3,4,3,64.3,Medium Risk
E0425,U0425,N013,2024-12-18,9,51,Loyal,13,3,5,5,21.8,Low Risk
E0426,U0426,N005,2024-12-24,30,24,Champion,12,4,4,4,31.5,Low Risk
E0427,U0427,N003,2024-08-11,0,0,Needs Attention,6,2,1,3,88.9,High Risk
E0428,U0428,—,2024-12-16,5,3,Lost,3,1,1,1,87.0,High Risk
E0429,U0429,N017,2024-12-26,24,30,Champion,14,4,5,5,26.9,Low Risk
E0430,U0430,N004,2024-12-21,20,58,Potential,8,4,2,2,25.4,Low Risk
E0431,U0431,N020,2024-11-22,5,6,Loyal,11,4,3,4,62.8,Medium Risk
E0432,U0432,N008,2024-12-27,24,58,Needs Attention,10,3,3,4,29.7,Low Risk
E0433,U0433,N007,2024-05-03,3,0,Lost,3,1,1,1,100.0,High Risk
E0434,U0434,N005,2024-11-11,4,1,Lost,3,1,1,1,99.7,High Risk
E0435,U0435,N011,2024-08-17,1,0,Needs Attention,5,2,1,2,90.0,High Risk
E0436,U0436,N002,2024-11-28,1,7,Needs Attention,6,2,1,3,82.3,High Risk
E0437,U0437,N002,2024-12-30,19,54,Champion,12,4,4,4,21.2,Low Risk
E0438,U0438,N003,2024-12-23,26,33,Potential,9,4,2,3,35.3,Low Risk
E0439,U0439,N020,2024-12-28,13,35,Champion,13,4,4,5,28.7,Low Risk
E0440,U0440,N016,2024-12-24,4,9,Potential,8,5,1,2,49.8,Medium Risk
E0441,U0441,N011,2024-12-22,28,57,Needs Attention,10,3,3,4,26.9,Low Risk
E0442,U0442,N004,2024-02-21,2,4,Needs Attention,5,2,1,2,79.3,High Risk
E0443,U0443,N017,2024-12-25,19,42,Champion,14,4,5,5,23.7,Low Risk
E0444,U0444,N018,2024-01-25,1,3,Needs Attention,10,3,3,4,66.0,Medium Risk
E0445,U0445,N017,2024-08-23,2,5,Potential,7,3,1,3,73.2,High Risk
E0446,U0446,N001,2024-12-08,7,15,Needs Attention,7,2,2,3,72.0,High Risk
E0447,U0447,N007,2024-12-21,20,17,Potential,7,5,1,1,39.9,Low Risk
E0448,U0448,N001,2024-11-17,2,7,Potential,7,3,2,2,66.8,Medium Risk
E0449,U0449,N011,2024-12-21,22,48,Champion,13,4,5,4,23.0,Low Risk
E0450,U0450,N004,2024-12-19,29,42,Needs Attention,4,2,1,1,49.3,Medium Risk
E0451,U0451,N020,2024-12-29,20,23,Champion,15,5,5,5,27.2,Low Risk
E0452,U0452,N001,2024-12-25,11,12,Loyal,13,3,5,5,36.4,Low Risk
E0453,U0453,—,2024-12-17,11,57,At Risk,8,2,3,3,34.1,Low Risk
E0454,U0454,—,2024-11-18,5,4,Potential,8,4,2,2,51.8,Medium Risk
E0455,U0455,N016,2024-12-21,17,54,Loyal,12,5,3,4,22.9,Low Risk
E0456,U0456,—,2024-11-17,5,15,Needs Attention,5,2,1,2,61.6,Medium Risk
E0457,U0457,—,2024-12-24,17,33,Champion,14,4,5,5,29.4,Low Risk
E0458,U0458,N004,2024-12-21,9,51,Potential,7,4,1,2,32.2,Low Risk
E0459,U0459,N014,2024-08-12,1,4,Lost,3,1,1,1,98.7,High Risk
E0460,U0460,N020,2024-12-27,24,11,Potential,7,3,1,3,53.3,Medium Risk
E0461,U0461,N013,2024-12-18,8,23,Needs Attention,6,2,2,2,56.4,Medium Risk
E0462,U0462,—,2024-08-18,1,5,Lost,3,1,1,1,98.3,High Risk
E0463,U0463,N005,2024-11-30,9,12,Lost,3,1,1,1,84.0,High Risk
E0464,U0464,N003,2024-12-25,18,39,Needs Attention,9,3,3,3,35.7,Low Risk
E0465,U0465,—,2024-12-29,27,58,Loyal,11,5,3,3,19.5,Low Risk
E0466,U0466,—,2024-12-23,23,40,Champion,12,4,4,4,27.8,Low Risk
E0467,U0467,—,2024-12-09,6,13,Needs Attention,5,2,1,2,66.4,Medium Risk
E0468,U0468,N019,2024-12-01,0,1,Needs Attention,5,2,1,2,80.1,High Risk
E0469,U0469,—,2024-12-21,2,10,Potential,8,3,2,3,59.2,Medium Risk
E0470,U0470,N008,2024-12-17,8,27,Needs Attention,6,2,2,2,46.0,Medium Risk
E0471,U0471,—,2024-11-26,2,5,Lost,3,1,1,1,86.3,High Risk
E0472,U0472,N011,2024-12-22,20,56,Loyal,12,5,3,4,22.4,Low Risk
E0473,U0473,N019,2024-12-31,13,16,Loyal,13,3,5,5,37.6,Low Risk
E0474,U0474,—,2024-12-12,7,4,Potential,7,5,1,1,50.7,Medium Risk
E0475,U0475,N007,2024-12-17,21,57,Loyal,11,5,3,3,19.2,Low Risk
E0476,U0476,—,2024-12-07,7,2,Potential,8,3,2,3,58.2,Medium Risk
E0477,U0477,N007,2024-07-02,3,0,Needs Attention,7,2,2,3,84.9,High Risk
E0478,U0478,N017,2024-12-27,9,17,Loyal,11,4,3,4,35.6,Low Risk
E0479,U0479,—,2024-04-12,1,4,Potential,10,5,2,3,61.2,Medium Risk
E0480,U0480,—,2024-12-23,5,2,Needs Attention,5,2,1,2,67.5,Medium Risk
E0481,U0481,—,2024-12-31,23,21,Champion,15,5,5,5,28.8,Low Risk
E0482,U0482,—,2024-12-20,11,15,Loyal,11,2,5,4,47.1,Medium Risk
E0483,U0483,—,2024-12-18,15,39,Lost,3,1,1,1,67.0,Medium Risk
E0484,U0484,—,2024-07-15,4,8,Potential,8,5,1,2,61.8,Medium Risk
E0485,U0485,—,2024-12-20,16,11,At Risk,10,2,4,4,47.6,Medium Risk
E0486,U0486,N010,2024-10-30,4,7,Lost,3,1,1,1,97.7,High Risk
E0487,U0487,—,2024-12-28,30,19,At Risk,9,2,3,4,50.7,Medium Risk
E0488,U0488,N002,2024-05-22,0,6,Needs Attention,5,2,1,2,76.5,High Risk
E0489,U0489,N001,2024-12-24,8,12,Needs Attention,9,4,3,2,37.3,Low Risk
E0490,U0490,N011,2024-12-25,21,39,Champion,15,5,5,5,20.0,Low Risk
E0491,U0491,—,2024-11-18,4,1,Needs Attention,8,2,2,4,65.6,Medium Risk
E0492,U0492,N014,2024-12-30,9,52,Potential,9,5,2,2,23.8,Low Risk
E0493,U0493,N002,2024-12-06,6,12,Loyal,11,5,3,3,42.8,Medium Risk
E0494,U0494,N004,2024-12-19,23,22,Potential,7,3,2,2,46.0,Medium Risk
E0495,U0495,—,2024-12-07,6,1,Lost,3,1,1,1,87.7,High Risk
E0496,U0496,—,2024-11-26,5,4,Loyal,11,5,2,4,48.1,Medium Risk
E0497,U0497,N001,2024-12-31,8,51,Potential,9,3,2,4,35.2,Low Risk
E0498,U0498,N007,2024-02-19,4,6,Lost,3,1,1,1,98.0,High Risk
E0499,U0499,N002,2024-12-19,30,41,Champion,15,5,5,5,16.4,Low Risk
E0500,U0500,N007,2024-12-21,5,12,Potential,8,5,1,2,48.0,Medium Risk
E0501,U0501,—,2024-10-17,2,5,Needs Attention,8,2,2,4,87.1,High Risk
E0502,U0502,—,2024-11-24,7,8,At Risk,8,2,3,3,60.9,Medium Risk
E0503,U0503,N001,2024-12-26,25,20,Loyal,13,5,3,5,34.0,Low Risk
E0504,U0504,—,2024-02-23,5,5,Needs Attention,6,2,1,3,89.0,High Risk
E0505,U0505,N003,2024-06-20,4,2,Lost,3,1,1,1,99.3,High Risk
E0506,U0506,—,2024-12-25,28,32,At Risk,8,2,3,3,47.7,Medium Risk
E0507,U0507,N004,2024-12-25,13,47,Champion,15,5,5,5,18.1,Low Risk
E0508,U0508,N007,2024-06-07,2,7,Lost,3,1,1,1,97.7,High Risk
E0509,U0509,—,2024-12-18,17,19,Needs Attention,4,2,1,1,56.3,Medium Risk
E0510,U0510,—,2024-12-17,29,58,Champion,15,5,5,5,13.3,Low Risk
E0511,U0511,—,2024-05-07,3,8,Lost,5,1,1,3,92.6,High Risk
E0512,U0512,N018,2024-10-18,2,6,Potential,5,3,1,1,72.6,High Risk
E0513,U0513,—,2024-09-22,4,4,Potential,9,5,2,2,60.9,Medium Risk
E0514,U0514,N016,2024-12-02,7,15,Loyal,11,4,3,4,46.7,Medium Risk
E0515,U0515,N016,2024-12-24,28,39,Champion,15,5,5,5,15.7,Low Risk
E0516,U0516,N018,2024-11-10,4,2,Lost,4,1,1,2,91.6,High Risk
E0517,U0517,N005,2024-01-16,2,8,Needs Attention,6,2,1,3,80.4,High Risk
E0518,U0518,N017,2024-12-26,12,48,Champion,14,5,5,4,20.3,Low Risk
E0519,U0519,N010,2024-12-18,25,50,Potential,8,3,2,3,34.0,Low Risk
E0520,U0520,N002,2024-02-12,5,2,Potential,7,3,2,2,72.9,High Risk
E0521,U0521,—,2024-12-28,12,60,Potential,6,3,1,2,33.9,Low Risk
E0522,U0522,—,2024-12-30,30,35,Potential,8,5,1,2,32.7,Low Risk
E0523,U0523,N017,2024-03-20,3,1,Needs Attention,4,2,1,1,86.7,High Risk
E0524,U0524,N007,2024-12-23,25,12,Needs Attention,8,2,2,4,55.3,Medium Risk
E0525,U0525,—,2024-12-31,11,46,Loyal,11,5,2,4,25.4,Low Risk
E0526,U0526,—,2024-09-08,2,8,Potential,7,4,1,2,64.9,Medium Risk
E0527,U0527,N018,2024-12-20,15,53,Potential,10,5,2,3,25.6,Low Risk
E0528,U0528,N017,2024-12-30,18,41,Loyal,11,2,4,5,38.4,Low Risk
E0529,U0529,—,2024-12-18,18,56,Loyal,11,5,3,3,19.5,Low Risk
E0530,U0530,—,2024-11-29,7,9,Lost,3,1,1,1,85.0,High Risk
E0531,U0531,—,2024-12-18,24,52,Champion,14,4,5,5,19.6,Low Risk
E0532,U0532,—,2024-11-18,8,4,Potential,7,4,1,2,54.3,Medium Risk
E0533,U0533,N002,2024-12-25,19,57,Needs Attention,4,2,1,1,46.6,Medium Risk
E0534,U0534,—,2024-12-30,30,58,Champion,13,5,4,4,16.6,Low Risk
E0535,U0535,—,2024-11-25,5,11,At Risk,10,2,3,5,64.0,Medium Risk
E0536,U0536,N001,2024-12-17,12,54,Champion,15,5,5,5,10.7,Low Risk
E0537,U0537,N002,2024-12-24,5,12,Needs Attention,8,2,2,4,63.7,Medium Risk
E0538,U0538,N019,2024-12-24,24,16,Potential,8,3,2,3,44.3,Medium Risk
E0539,U0539,N003,2024-12-20,12,14,Loyal,13,3,5,5,37.9,Low Risk
E0540,U0540,N010,2024-05-08,2,3,Needs Attention,4,2,1,1,89.7,High Risk
E0541,U0541,N001,2024-12-11,6,14,Lost,3,1,1,1,83.3,High Risk
E0542,U0542,N015,2024-12-30,25,50,Loyal,12,3,4,5,29.5,Low Risk
E0543,U0543,N019,2024-12-31,14,11,Champion,13,4,4,5,39.1,Low Risk
E0544,U0544,N013,2024-12-30,8,28,Needs Attention,6,2,2,2,56.5,Medium Risk
E0545,U0545,N019,2024-12-18,14,21,Needs Attention,4,2,1,1,58.5,Medium Risk
E0546,U0546,N014,2024-12-08,3,2,Lost,3,1,1,1,87.3,High Risk
E0547,U0547,N019,2024-11-27,9,2,Needs Attention,6,2,2,2,65.4,Medium Risk
E0548,U0548,N010,2024-11-26,2,6,Lost,3,1,1,1,98.0,High Risk
E0549,U0549,N020,2024-11-30,6,6,Needs Attention,5,2,1,2,67.2,Medium Risk
E0550,U0550,N015,2024-06-29,2,3,Needs Attention,6,2,2,2,77.4,High Risk
E0551,U0551,—,2024-01-11,3,7,Potential,6,3,1,2,72.8,High Risk
E0552,U0552,N005,2024-12-31,27,47,Potential,9,4,2,3,30.6,Low Risk
E0553,U0553,N012,2024-12-31,29,41,Potential,9,4,2,3,30.2,Low Risk
E0554,U0554,N019,2024-12-26,23,30,At Risk,9,2,3,4,44.5,Medium Risk
E0555,U0555,—,2024-12-20,8,26,Loyal,12,5,4,3,28.4,Low Risk
E0556,U0556,—,2024-03-01,3,6,Needs Attention,9,3,3,3,69.7,Medium Risk
E0557,U0557,—,2024-12-20,11,37,Loyal,12,4,3,5,30.1,Low Risk
E0558,U0558,—,2024-03-25,4,5,Lost,5,1,1,3,96.0,High Risk
E0559,U0559,N010,2024-12-31,8,34,Needs Attention,6,2,2,2,47.1,Medium Risk
E0560,U0560,N007,2024-12-19,9,13,Lost,3,1,1,1,83.7,High Risk
E0561,U0561,N007,2024-02-27,3,4,Potential,8,4,2,2,62.8,Medium Risk
E0562,U0562,—,2024-07-29,0,1,Potential,7,4,1,2,65.6,Medium Risk
E0563,U0563,N008,2024-12-17,30,50,Lost,6,1,2,3,55.5,Medium Risk
E0564,U0564,—,2024-12-25,11,39,Champion,13,4,4,5,28.7,Low Risk
E0565,U0565,—,2024-11-16,7,4,Lost,3,1,1,1,86.7,High Risk
E0566,U0566,N013,2024-06-19,3,0,Potential,6,3,1,2,72.5,High Risk
E0567,U0567,N002,2024-12-19,17,45,Needs Attention,6,2,2,2,41.9,Medium Risk
E0568,U0568,N001,2024-08-13,5,7,Lost,3,1,1,1,97.7,High Risk
E0569,U0569,N016,2024-12-24,8,2,Needs Attention,4,2,1,1,71.0,High Risk
E0570,U0570,—,2024-12-22,29,18,Loyal,11,3,4,4,43.7,Medium Risk
E0571,U0571,N015,2024-11-22,2,15,Needs Attention,5,2,1,2,68.6,Medium Risk
E0572,U0572,N001,2024-03-19,3,1,Lost,3,1,1,1,99.7,High Risk
E0573,U0573,N006,2024-12-27,13,39,Lost,3,1,1,1,67.0,Medium Risk
E0574,U0574,N010,2024-03-02,5,6,Lost,3,1,1,1,98.0,High Risk
E0575,U0575,N008,2024-12-31,28,56,Loyal,11,4,4,3,21.2,Low Risk
E0576,U0576,N008,2024-12-17,6,10,Lost,4,1,1,2,82.4,High Risk
E0577,U0577,—,2024-03-25,5,8,Potential,7,3,2,2,71.6,High Risk
E0578,U0578,N012,2024-07-04,1,7,Needs Attention,7,2,2,3,83.8,High Risk
E0579,U0579,N017,2024-12-27,13,12,Loyal,11,3,4,4,39.4,Low Risk
E0580,U0580,—,2024-12-17,7,7,Needs Attention,4,2,1,1,69.4,Medium Risk
E0581,U0581,N001,2024-12-18,29,19,Champion,14,5,5,4,30.0,Low Risk
E0582,U0582,N010,2024-11-24,3,4,Lost,4,1,1,2,83.4,High Risk
E0583,U0583,N012,2024-12-31,23,25,Champion,14,5,5,4,27.6,Low Risk
E0584,U0584,N004,2024-12-20,20,59,Lost,7,1,2,4,54.7,Medium Risk
E0585,U0585,N019,2024-12-19,28,21,Needs Attention,10,3,3,4,43.1,Medium Risk
E0586,U0586,N011,2024-12-27,20,12,Loyal,12,5,3,4,34.7,Low Risk
E0587,U0587,—,2024-12-26,13,24,Potential,7,3,2,2,45.9,Medium Risk
E0588,U0588,N005,2024-08-06,5,7,Lost,3,1,1,1,97.7,High Risk
E0589,U0589,N012,2024-12-19,30,38,Loyal,11,2,4,5,48.7,Medium Risk
E0590,U0590,N005,2024-12-14,3,2,Lost,3,1,1,1,87.3,High Risk
E0591,U0591,N009,2024-11-16,4,3,Potential,8,3,2,3,61.4,Medium Risk
E0592,U0592,—,2024-11-23,2,8,Champion,13,5,4,4,42.8,Medium Risk
E0593,U0593,N019,2024-12-20,19,60,Champion,15,5,5,5,16.3,Low Risk
E0594,U0594,—,2024-03-08,3,0,Lost,3,1,1,1,100.0,High Risk
E0595,U0595,N003,2024-01-11,5,5,Needs Attention,7,2,2,3,87.7,High Risk
E0596,U0596,N007,2024-12-25,25,16,Potential,7,3,2,2,44.5,Medium Risk
E0597,U0597,—,2024-12-27,23,12,Champion,14,5,4,5,32.3,Low Risk
E0598,U0598,N014,2024-12-20,21,45,Needs Attention,9,3,3,3,34.3,Low Risk
E0599,U0599,—,2024-12-30,21,14,Loyal,11,2,4,5,47.1,Medium Risk
E0600,U0600,N005,2024-12-17,10,26,Needs Attention,10,3,4,3,35.3,Low Risk
E0601,U0601,N017,2024-11-29,7,8,Needs Attention,4,2,1,1,69.9,Medium Risk
E0602,U0602,—,2024-12-17,24,25,Loyal,12,4,5,3,28.3,Low Risk
E0603,U0603,—,2024-11-19,1,1,Lost,3,1,1,1,99.7,High Risk
E0604,U0604,N004,2024-02-13,1,1,Lost,3,1,1,1,99.7,High Risk
E0605,U0605,—,2024-04-17,1,3,Potential,8,4,2,2,64.1,Medium Risk
E0606,U0606,—,2024-11-19,10,6,Potential,6,4,1,1,55.7,Medium Risk
E0607,U0607,—,2024-10-28,2,7,Needs Attention,8,2,2,4,78.7,High Risk
E0608,U0608,N008,2024-11-28,4,10,Potential,10,4,2,4,49.5,Medium Risk
E0609,U0609,N010,2024-12-31,11,45,Loyal,13,3,5,5,26.3,Low Risk
E0610,U0610,N009,2024-12-29,15,22,Loyal,11,5,3,3,32.3,Low Risk
E0611,U0611,N002,2024-05-15,2,2,Potential,10,4,2,4,65.2,Medium Risk
E0612,U0612,N006,2024-11-01,0,5,Loyal,11,5,2,4,59.7,Medium Risk
E0613,U0613,N008,2024-10-05,4,0,Lost,3,1,1,1,100.0,High Risk
E0614,U0614,—,2024-02-06,4,4,Lost,3,1,1,1,98.7,High Risk
E0615,U0615,N017,2024-12-27,24,10,Loyal,11,3,4,4,39.8,Low Risk
E0616,U0616,N013,2024-07-30,1,5,Potential,10,4,2,4,65.9,Medium Risk
E0617,U0617,N013,2024-12-28,23,23,Loyal,12,5,3,4,31.0,Low Risk
E0618,U0618,—,2024-04-01,5,7,Potential,8,5,1,2,62.6,Medium Risk
E0619,U0619,—,2024-12-30,23,23,Champion,14,4,5,5,25.9,Low Risk
E0620,U0620,N013,2024-11-19,4,7,Needs Attention,4,2,1,1,65.7,Medium Risk
E0621,U0621,N003,2024-12-23,28,50,Needs Attention,7,2,2,3,49.2,Medium Risk
E0622,U0622,—,2024-12-16,3,3,At Risk,10,2,4,4,59.5,Medium Risk
E0623,U0623,—,2024-10-28,4,2,Lost,3,1,1,1,99.3,High Risk
E0624,U0624,N001,2024-12-30,23,42,Champion,15,5,5,5,21.8,Low Risk
E0625,U0625,—,2024-12-28,26,20,At Risk,10,2,3,5,53.1,Medium Risk
E0626,U0626,—,2024-12-25,28,58,Champion,14,5,5,4,13.8,Low Risk
E0627,U0627,N020,2024-12-28,28,33,Loyal,12,2,5,5,37.0,Low Risk
E0628,U0628,N003,2024-12-31,16,36,At Risk,9,2,3,4,41.3,Medium Risk
E0629,U0629,—,2024-12-18,21,12,Needs Attention,7,2,2,3,52.0,Medium Risk
E0630,U0630,N011,2024-11-17,2,6,Lost,3,1,1,1,98.0,High Risk
E0631,U0631,—,2024-12-20,14,52,Loyal,11,4,2,5,27.1,Low Risk
E0632,U0632,N006,2024-04-15,2,6,Lost,5,1,1,3,92.1,High Risk
E0633,U0633,N017,2024-09-27,4,3,Needs Attention,10,3,3,4,66.8,Medium Risk
E0634,U0634,—,2024-11-22,9,10,Needs Attention,5,2,1,2,64.0,Medium Risk
E0635,U0635,N015,2024-12-14,8,11,Needs Attention,8,2,2,4,65.5,Medium Risk
E0636,U0636,N005,2024-12-23,15,48,Loyal,11,4,4,3,26.8,Low Risk
E0637,U0637,—,2024-12-19,17,41,Champion,13,4,5,4,23.1,Low Risk
E0638,U0638,—,2024-01-29,0,6,Lost,3,1,1,1,98.0,High Risk
E0639,U0639,N009,2024-12-30,8,36,Loyal,12,2,5,5,23.5,Low Risk
E0640,U0640,—,2024-12-20,25,15,Needs Attention,8,2,2,4,51.6,Medium Risk
E0641,U0641,N015,2024-12-21,12,59,Needs Attention,5,2,1,2,46.7,Medium Risk
E0642,U0642,N013,2024-12-27,9,33,Loyal,11,2,4,5,39.5,Low Risk
E0643,U0643,—,2024-12-24,20,27,Champion,14,4,5,5,27.9,Low Risk
E0644,U0644,N015,2024-12-27,28,31,Needs Attention,10,3,3,4,37.3,Low Risk
E0645,U0645,N013,2024-12-26,25,48,Loyal,11,4,3,4,28.9,Low Risk
E0646,U0646,N014,2024-03-15,2,7,Lost,3,1,1,1,97.7,High Risk
E0647,U0647,N020,2024-12-19,23,34,Needs Attention,6,2,2,2,50.9,Medium Risk
E0648,U0648,—,2024-11-16,10,15,Needs Attention,6,2,1,3,69.5,Medium Risk
E0649,U0649,—,2024-12-19,27,52,Champion,13,4,5,4,20.4,Low Risk
E0650,U0650,N016,2024-12-24,26,18,Needs Attention,10,3,4,3,38.3,Low Risk
E0651,U0651,N016,2024-03-26,2,1,Potential,9,5,2,2,62.8,Medium Risk
E0652,U0652,N002,2024-12-23,18,44,Champion,13,4,4,5,27.2,Low Risk
E0653,U0653,N019,2024-07-26,4,1,Needs Attention,6,2,1,3,87.1,High Risk
E0654,U0654,N020,2024-12-17,28,27,Champion,15,5,5,5,24.0,Low Risk
E0655,U0655,—,2024-12-22,16,28,At Risk,9,2,3,4,47.6,Medium Risk
E0656,U0656,N001,2024-12-26,24,24,Champion,14,4,5,5,23.8,Low Risk
E0657,U0657,—,2024-12-22,18,25,Champion,15,5,5,5,21.7,Low Risk
E0658,U0658,N018,2024-12-27,14,32,Needs Attention,9,3,3,3,39.6,Low Risk
E0659,U0659,—,2024-12-03,5,14,Lost,3,1,1,1,80.2,High Risk
E0660,U0660,N007,2024-12-25,24,53,Champion,14,5,5,4,18.8,Low Risk
E0661,U0661,—,2024-11-16,6,5,Lost,3,1,1,1,86.3,High Risk
E0662,U0662,—,2024-12-21,21,52,Loyal,11,3,4,4,28.3,Low Risk
E0663,U0663,N011,2024-12-22,14,59,Potential,8,3,2,3,31.3,Low Risk
E0664,U0664,—,2024-12-20,12,59,Champion,15,5,5,5,15.4,Low Risk
E0665,U0665,N007,2024-12-21,17,22,Champion,14,4,5,5,28.9,Low Risk
E0666,U0666,—,2024-11-20,7,12,Loyal,11,5,2,4,44.5,Medium Risk
E0667,U0667,N004,2024-08-19,4,5,Potential,6,4,1,1,66.0,Medium Risk
E0668,U0668,N003,2024-12-23,22,47,Potential,9,4,1,4,34.1,Low Risk
E0669,U0669,N007,2024-12-20,13,17,Needs Attention,10,3,3,4,43.8,Medium Risk
E0670,U0670,N006,2024-12-09,6,11,Champion,14,5,4,5,42.0,Medium Risk
E0671,U0671,N003,2024-12-19,14,48,Loyal,11,3,4,4,29.2,Low Risk
E0672,U0672,N001,2024-11-23,7,3,Needs Attention,5,2,1,2,72.3,High Risk
E0673,U0673,—,2024-05-15,2,3,Lost,3,1,1,1,99.0,High Risk
E0674,U0674,—,2024-02-15,3,4,Lost,3,1,1,1,98.7,High Risk
E0675,U0675,N017,2024-12-26,22,44,Loyal,13,3,5,5,21.8,Low Risk
E0676,U0676,N011,2024-12-22,12,26,Loyal,13,3,5,5,33.0,Low Risk
E0677,U0677,—,2024-09-29,0,4,Lost,3,1,1,1,98.7,High Risk
E0678,U0678,N019,2024-12-25,20,45,Champion,14,4,5,5,18.7,Low Risk
E0679,U0679,N013,2024-08-27,0,1,Lost,3,1,1,1,99.7,High Risk
E0680,U0680,—,2024-12-24,16,41,Potential,7,3,1,3,37.4,Low Risk
E0681,U0681,—,2024-12-18,25,47,Champion,13,5,4,4,21.3,Low Risk
E0682,U0682,—,2024-02-15,2,8,Lost,3,1,1,1,97.3,High Risk
E0683,U0683,N010,2024-12-27,21,22,At Risk,10,2,3,5,52.9,Medium Risk
E0684,U0684,—,2024-11-23,2,7,Lost,3,1,1,1,85.7,High Risk
E0685,U0685,N006,2024-04-02,4,1,Needs Attention,7,2,2,3,77.5,High Risk
E0686,U0686,N011,2024-12-26,21,34,Loyal,11,3,4,4,33.9,Low Risk
E0687,U0687,—,2024-12-13,3,3,Needs Attention,9,3,3,3,52.9,Medium Risk
E0688,U0688,N010,2024-12-19,11,33,Champion,13,5,4,4,26.3,Low Risk
E0689,U0689,N004,2024-10-27,0,0,Lost,3,1,1,1,100.0,High Risk
E0690,U0690,N010,2024-12-23,16,16,Lost,4,1,1,2,67.3,Medium Risk
E0691,U0691,N008,2024-12-16,10,5,Loyal,12,4,5,3,46.8,Medium Risk
E0692,U0692,N009,2024-08-19,0,6,Loyal,12,5,3,4,57.0,Medium Risk
E0693,U0693,N013,2024-12-22,9,52,Needs Attention,10,3,4,3,30.5,Low Risk
E0694,U0694,N004,2024-12-30,9,10,Champion,14,4,5,5,30.1,Low Risk
E0695,U0695,N015,2024-12-20,18,49,Champion,14,4,5,5,18.4,Low Risk
E0696,U0696,N016,2024-12-25,16,28,Potential,8,3,2,3,41.8,Medium Risk
E0697,U0697,N006,2024-12-28,15,24,Needs Attention,7,2,2,3,55.1,Medium Risk
E0698,U0698,N003,2024-12-22,27,48,Potential,7,3,2,2,32.6,Low Risk
E0699,U0699,—,2024-12-26,16,45,Loyal,11,3,5,3,28.7,Low Risk
E0700,U0700,—,2024-12-31,15,19,Loyal,12,4,3,5,37.2,Low Risk
E0701,U0701,—,2024-08-11,4,5,Needs Attention,8,2,2,4,75.2,High Risk
E0702,U0702,N019,2024-12-28,13,34,Champion,15,5,5,5,22.9,Low Risk
E0703,U0703,N006,2024-12-31,25,49,Champion,14,5,5,4,15.0,Low Risk
E0704,U0704,—,2024-02-13,1,1,Loyal,11,5,3,3,59.2,Medium Risk
E0705,U0705,—,2024-12-19,27,27,Champion,13,4,5,4,25.9,Low Risk
E0706,U0706,N014,2024-12-18,9,2,Lost,3,1,1,1,87.3,High Risk
E0707,U0707,—,2024-08-10,1,6,Lost,4,1,1,2,92.6,High Risk
E0708,U0708,N016,2024-12-22,15,39,Lost,3,1,1,1,64.2,Medium Risk
E0709,U0709,N020,2024-12-17,13,21,Loyal,11,3,4,4,38.8,Low Risk
E0710,U0710,N014,2024-12-18,5,5,Lost,3,1,1,1,86.3,High Risk
E0711,U0711,N008,2024-12-21,8,25,Champion,14,4,5,5,24.5,Low Risk
E0712,U0712,N018,2024-02-09,2,6,Lost,3,1,1,1,98.0,High Risk
E0713,U0713,—,2024-12-24,27,34,Champion,13,5,4,4,24.6,Low Risk
E0714,U0714,—,2024-12-18,5,4,Lost,4,1,1,2,81.9,High Risk
E0715,U0715,N018,2024-12-20,10,36,Loyal,12,3,4,5,32.9,Low Risk
E0716,U0716,N011,2024-09-16,3,7,Potential,9,5,2,2,59.0,Medium Risk
E0717,U0717,N011,2024-11-30,8,14,Lost,3,1,1,1,83.3,High Risk
E0718,U0718,—,2024-07-15,0,8,Lost,3,1,1,1,97.3,High Risk
E0719,U0719,N001,2024-04-22,1,7,Lost,3,1,1,1,97.7,High Risk
E0720,U0720,N019,2024-06-20,4,5,Lost,3,1,1,1,98.3,High Risk
E0721,U0721,N014,2024-03-17,0,7,Lost,3,1,1,1,97.7,High Risk
E0722,U0722,N004,2024-12-18,27,34,Loyal,13,3,5,5,34.2,Low Risk
E0723,U0723,N002,2024-12-28,22,48,Champion,14,4,5,5,20.3,Low Risk
E0724,U0724,N016,2024-12-20,7,3,Needs Attention,6,2,1,3,64.4,Medium Risk
E0725,U0725,—,2024-09-06,4,6,Lost,3,1,1,1,98.0,High Risk
E0726,U0726,N005,2024-08-12,3,3,Needs Attention,5,2,1,2,81.4,High Risk
E0727,U0727,N001,2024-05-08,2,5,Lost,6,1,2,3,90.6,High Risk
E0728,U0728,—,2024-07-06,2,3,Potential,7,3,2,2,69.4,Medium Risk
E0729,U0729,—,2024-01-29,1,6,Lost,3,1,1,1,98.0,High Risk
E0730,U0730,N003,2024-12-21,23,11,Loyal,12,3,4,5,43.4,Medium Risk
E0731,U0731,N006,2024-01-06,4,3,Loyal,12,4,3,5,60.5,Medium Risk
E0732,U0732,—,2024-04-14,5,1,Lost,3,1,1,1,99.7,High Risk
E0733,U0733,N011,2024-11-18,2,7,Lost,3,1,1,1,85.7,High Risk
E0734,U0734,N003,2024-12-25,19,33,Champion,14,5,4,5,27.3,Low Risk
E0735,U0735,N012,2024-04-22,0,7,Potential,9,5,2,2,59.1,Medium Risk
E0736,U0736,—,2024-12-30,22,37,Loyal,13,3,5,5,30.9,Low Risk
E0737,U0737,—,2024-12-02,8,5,Lost,3,1,1,1,86.3,High Risk
E0738,U0738,N004,2024-12-26,15,27,Loyal,11,4,2,5,36.3,Low Risk
E0739,U0739,N013,2024-12-29,16,40,Loyal,13,5,3,5,27.4,Low Risk
E0740,U0740,N003,2024-12-18,13,24,Champion,15,5,5,5,17.3,Low Risk
E0741,U0741,N006,2024-12-23,26,51,Needs Attention,9,3,3,3,29.5,Low Risk
E0742,U0742,—,2024-08-23,4,8,Needs Attention,5,2,1,2,81.3,High Risk
E0743,U0743,N011,2024-12-26,9,34,Needs Attention,6,2,2,2,44.7,Medium Risk
E0744,U0744,N015,2024-10-16,0,3,Potential,8,5,1,2,62.2,Medium Risk
E0745,U0745,N002,2024-11-19,4,2,Potential,9,5,1,3,50.6,Medium Risk
E0746,U0746,N018,2024-12-19,2,5,Potential,9,5,2,2,47.0,Medium Risk
E0747,U0747,N009,2024-04-14,4,4,Loyal,11,5,2,4,60.1,Medium Risk
E0748,U0748,—,2024-12-29,12,28,Lost,3,1,1,1,70.7,High Risk
E0749,U0749,N018,2024-12-18,21,27,Potential,5,3,1,1,46.5,Medium Risk
E0750,U0750,—,2024-12-25,13,24,Potential,9,3,2,4,46.7,Medium Risk
E0751,U0751,N001,2024-12-23,17,20,Loyal,12,3,5,4,34.5,Low Risk
E0752,U0752,N005,2024-10-15,0,3,Needs Attention,7,2,2,3,75.8,High Risk
E0753,U0753,N002,2024-12-22,27,13,Loyal,12,5,3,4,35.9,Low Risk
E0754,U0754,N002,2024-12-19,28,60,Potential,8,4,2,2,23.4,Low Risk
E0755,U0755,N008,2024-12-23,13,28,Champion,12,4,4,4,29.5,Low Risk
E0756,U0756,N018,2024-12-14,9,7,Lost,3,1,1,1,85.7,High Risk
E0757,U0757,N020,2024-12-19,15,11,Loyal,11,4,3,4,40.5,Medium Risk
E0758,U0758,N009,2024-12-20,14,48,Loyal,11,4,4,3,24.0,Low Risk
E0759,U0759,N010,2024-10-11,0,1,Lost,3,1,1,1,99.7,High Risk
E0760,U0760,N010,2024-03-03,2,2,Potential,7,3,2,2,69.3,Medium Risk
E0761,U0761,N011,2024-02-22,0,7,Needs Attention,10,4,3,3,60.6,Medium Risk
E0762,U0762,N020,2024-09-14,2,2,Potential,8,4,1,3,67.4,Medium Risk
E0763,U0763,N003,2024-07-29,4,2,Lost,3,1,1,1,99.3,High Risk
E0764,U0764,N010,2024-12-18,8,30,Champion,14,4,5,5,20.0,Low Risk
E0765,U0765,—,2024-12-27,13,59,Champion,13,5,4,4,18.4,Low Risk
E0766,U0766,N017,2024-03-20,4,0,Lost,3,1,1,1,100.0,High Risk
E0767,U0767,N002,2024-12-25,24,13,At Risk,10,2,4,4,48.7,Medium Risk
E0768,U0768,N015,2024-12-21,4,3,Potential,8,3,2,3,59.7,Medium Risk
E0769,U0769,—,2024-12-18,23,19,Loyal,13,3,5,5,39.6,Low Risk
E0770,U0770,N008,2024-12-18,12,25,Potential,7,3,2,2,40.2,Medium Risk
E0771,U0771,N013,2024-12-22,27,33,Loyal,11,3,4,4,32.9,Low Risk
E0772,U0772,N016,2024-07-29,2,7,Lost,3,1,1,1,97.7,High Risk
E0773,U0773,—,2024-12-20,22,21,Loyal,11,3,4,4,39.6,Low Risk
E0774,U0774,N006,2024-12-28,11,55,Loyal,11,5,3,3,21.2,Low Risk
E0775,U0775,—,2024-11-16,4,11,Needs Attention,6,2,2,2,63.0,Medium Risk
E0776,U0776,N009,2024-05-22,0,1,Lost,4,1,1,2,93.9,High Risk
E0777,U0777,—,2024-12-27,12,10,Champion,13,4,4,5,35.5,Low Risk
E0778,U0778,—,2024-12-19,22,43,Loyal,11,4,4,3,25.5,Low Risk
E0779,U0779,N015,2024-02-24,3,6,Lost,4,1,1,2,90.5,High Risk
E0780,U0780,N018,2024-12-25,25,56,Lost,4,1,1,2,57.8,Medium Risk
E0781,U0781,N018,2024-11-21,10,8,Lost,3,1,1,1,85.3,High Risk
E0782,U0782,—,2024-11-16,7,13,Needs Attention,5,2,1,2,72.6,High Risk
E0783,U0783,N014,2024-12-08,8,13,Loyal,12,4,3,5,45.5,Medium Risk
E0784,U0784,N005,2024-11-28,10,15,Potential,8,3,2,3,56.6,Medium Risk
E0785,U0785,N005,2024-12-18,13,42,Champion,14,4,5,5,25.7,Low Risk
E0786,U0786,—,2024-12-19,23,18,Champion,13,4,4,5,36.5,Low Risk
E0787,U0787,N016,2024-10-25,0,3,Needs Attention,5,2,1,2,87.0,High Risk
E0788,U0788,N002,2024-12-18,27,33,Champion,12,4,4,4,28.2,Low Risk
E0789,U0789,N018,2024-12-22,17,17,Champion,13,4,5,4,31.3,Low Risk
E0790,U0790,—,2024-12-25,21,34,Needs Attention,10,3,3,4,40.2,Medium Risk
E0791,U0791,N013,2024-12-31,17,33,Champion,14,5,5,4,23.6,Low Risk
E0792,U0792,N008,2024-12-28,18,41,Loyal,11,2,4,5,41.7,Medium Risk
E0793,U0793,—,2024-12-25,8,23,Potential,8,3,1,4,42.4,Medium Risk
E0794,U0794,N001,2024-11-17,4,8,Potential,8,3,2,3,55.3,Medium Risk
E0795,U0795,N012,2024-01-04,5,2,Potential,8,3,2,3,74.1,High Risk
E0796,U0796,N013,2024-12-28,17,35,Champion,15,5,5,5,22.3,Low Risk
E0797,U0797,—,2024-08-07,1,0,Potential,7,4,1,2,66.6,Medium Risk
E0798,U0798,N015,2024-03-27,3,4,Lost,4,1,1,2,93.7,High Risk
E0799,U0799,N001,2024-12-20,20,39,Loyal,11,5,3,3,26.6,Low Risk
E0800,U0800,N006,2024-08-19,3,5,Needs Attention,5,2,1,2,86.6,High Risk
E0801,U0801,—,2024-12-25,22,18,Champion,14,4,5,5,29.7,Low Risk
E0802,U0802,N011,2024-09-18,0,3,Lost,3,1,1,1,99.0,High Risk
E0803,U0803,N009,2024-12-27,28,16,Loyal,11,4,4,3,35.4,Low Risk
E0804,U0804,—,2024-12-26,19,13,Needs Attention,6,2,2,2,65.3,Medium Risk
E0805,U0805,N013,2024-01-02,3,6,Potential,7,3,2,2,71.4,High Risk
E0806,U0806,N013,2024-12-22,21,14,Champion,15,5,5,5,22.8,Low Risk
E0807,U0807,—,2024-03-14,2,5,At Risk,8,2,3,3,76.7,High Risk
E0808,U0808,—,2024-12-31,25,40,Loyal,12,3,5,4,26.9,Low Risk
E0809,U0809,N010,2024-06-04,3,1,Lost,3,1,1,1,95.3,High Risk
E0810,U0810,—,2024-12-05,7,4,Champion,13,5,4,4,45.4,Medium Risk
E0811,U0811,—,2024-12-31,24,20,Loyal,12,5,4,3,29.6,Low Risk
E0812,U0812,N018,2024-11-19,3,3,Lost,3,1,1,1,87.0,High Risk
E0813,U0813,N009,2024-12-23,6,1,Lost,3,1,1,1,87.7,High Risk
E0814,U0814,N008,2024-12-21,24,23,Lost,5,1,1,3,66.6,Medium Risk
E0815,U0815,N007,2024-12-31,24,33,Loyal,11,4,3,4,31.9,Low Risk
E0816,U0816,N019,2024-12-03,9,7,Lost,3,1,1,1,85.7,High Risk
E0817,U0817,N011,2024-12-26,27,39,Loyal,13,5,3,5,27.4,Low Risk
E0818,U0818,N009,2024-07-09,4,5,Lost,3,1,1,1,98.3,High Risk
E0819,U0819,—,2024-11-21,7,1,Potential,7,3,2,2,60.4,Medium Risk
E0820,U0820,N011,2024-12-17,26,17,Potential,10,4,2,4,39.1,Low Risk
E0821,U0821,—,2024-04-24,3,7,Potential,7,4,1,2,63.4,Medium Risk
E0822,U0822,N016,2024-12-21,24,12,Champion,14,4,5,5,31.4,Low Risk
E0823,U0823,—,2024-10-28,4,8,Lost,3,1,1,1,97.3,High Risk
E0824,U0824,N013,2024-11-30,4,15,Potential,10,5,2,3,44.4,Medium Risk
E0825,U0825,—,2024-11-26,7,11,Lost,3,1,1,1,84.3,High Risk
E0826,U0826,N013,2024-12-29,28,27,Lost,4,1,1,2,63.5,Medium Risk
E0827,U0827,N008,2024-12-12,4,13,Potential,8,4,2,2,48.5,Medium Risk
E0828,U0828,N008,2024-12-25,10,49,Champion,15,5,5,5,10.9,Low Risk
E0829,U0829,—,2024-12-10,6,7,Lost,3,1,1,1,85.7,High Risk
E0830,U0830,N012,2024-12-05,2,1,Potential,8,5,1,2,53.1,Medium Risk
E0831,U0831,—,2024-12-28,8,18,Loyal,11,2,4,5,49.1,Medium Risk
E0832,U0832,N017,2024-12-28,21,46,Champion,13,5,4,4,20.6,Low Risk
E0833,U0833,—,2024-12-15,8,13,Lost,3,1,1,1,83.7,High Risk
E0834,U0834,N012,2024-11-18,8,9,Needs Attention,9,3,3,3,51.1,Medium Risk
E0835,U0835,—,2024-12-11,6,15,Potential,8,5,1,2,45.7,Medium Risk
E0836,U0836,N016,2024-12-14,2,2,Loyal,11,5,3,3,46.5,Medium Risk
E0837,U0837,N013,2024-12-20,9,26,Loyal,12,5,3,4,30.7,Low Risk
E0838,U0838,N018,2024-08-11,3,1,Lost,3,1,1,1,99.7,High Risk
E0839,U0839,—,2024-12-17,22,20,Loyal,11,5,3,3,34.3,Low Risk
E0840,U0840,N016,2024-12-19,9,2,Lost,3,1,1,1,87.3,High Risk
E0841,U0841,N010,2024-12-19,29,39,Potential,7,3,2,2,36.4,Low Risk
E0842,U0842,N008,2024-12-01,7,10,Lost,4,1,1,2,81.9,High Risk
E0843,U0843,—,2024-12-22,23,26,Needs Attention,6,2,2,2,48.5,Medium Risk
E0844,U0844,—,2024-12-17,25,45,Champion,15,5,5,5,19.6,Low Risk
E0845,U0845,N017,2024-12-04,7,11,Potential,6,3,1,2,55.5,Medium Risk
E0846,U0846,N003,2024-11-17,10,3,Needs Attention,8,2,2,4,70.3,High Risk
E0847,U0847,N004,2024-12-27,24,53,Loyal,13,3,5,5,29.2,Low Risk
E0848,U0848,N020,2024-12-17,27,59,Needs Attention,9,3,3,3,29.8,Low Risk
E0849,U0849,N002,2024-12-18,15,24,Loyal,11,3,4,4,35.5,Low Risk
E0850,U0850,—,2024-12-24,8,37,Needs Attention,10,4,3,3,32.7,Low Risk
E0851,U0851,N011,2024-12-23,16,31,Champion,14,4,5,5,28.0,Low Risk
E0852,U0852,N009,2024-12-20,17,41,Loyal,11,4,3,4,31.4,Low Risk
E0853,U0853,N003,2024-12-22,20,13,Needs Attention,10,4,3,3,40.0,Medium Risk
E0854,U0854,N007,2024-10-08,2,4,Needs Attention,5,2,1,2,84.4,High Risk
E0855,U0855,—,2024-08-09,1,8,Needs Attention,7,2,1,4,88.5,High Risk
E0856,U0856,—,2024-04-08,1,3,Lost,3,1,1,1,99.0,High Risk
E0857,U0857,—,2024-02-28,1,1,Potential,6,3,1,2,75.1,High Risk
E0858,U0858,—,2024-12-25,24,33,Loyal,13,3,5,5,29.8,Low Risk
E0859,U0859,N007,2024-11-18,8,7,Lost,3,1,1,1,85.7,High Risk
E0860,U0860,—,2024-12-19,7,5,Needs Attention,5,2,1,2,64.5,Medium Risk
E0861,U0861,N012,2024-11-24,5,3,Lost,3,1,1,1,87.0,High Risk
E0862,U0862,N007,2024-12-19,29,14,Loyal,13,5,3,5,34.6,Low Risk
E0863,U0863,N016,2024-12-25,18,13,Loyal,11,3,4,4,39.4,Low Risk
E0864,U0864,N017,2024-09-14,3,6,Lost,3,1,1,1,98.0,High Risk
E0865,U0865,—,2024-12-31,21,40,Loyal,12,5,3,4,25.3,Low Risk
E0866,U0866,N015,2024-12-30,18,33,Champion,14,4,5,5,29.6,Low Risk
E0867,U0867,N002,2024-12-24,17,25,Potential,8,3,2,3,44.4,Medium Risk
E0868,U0868,—,2024-12-22,23,35,Loyal,13,3,5,5,31.9,Low Risk
E0869,U0869,N005,2024-12-25,14,35,Champion,14,5,5,4,23.7,Low Risk
E0870,U0870,N004,2024-12-28,15,28,Needs Attention,10,3,3,4,38.8,Low Risk
E0871,U0871,—,2024-06-12,4,2,Potential,6,3,1,2,72.1,High Risk
E0872,U0872,N003,2024-12-04,4,10,Potential,7,4,1,2,52.2,Medium Risk
E0873,U0873,—,2024-12-18,26,34,Loyal,12,3,4,5,37.1,Low Risk
E0874,U0874,—,2024-10-20,0,1,Lost,3,1,1,1,99.7,High Risk
E0875,U0875,N020,2024-12-20,10,60,Champion,15,5,5,5,10.3,Low Risk
E0876,U0876,N004,2024-02-29,0,2,Lost,3,1,1,1,99.3,High Risk
E0877,U0877,N017,2024-10-15,3,7,Potential,10,5,2,3,60.9,Medium Risk
E0878,U0878,N002,2024-12-29,30,51,Champion,15,5,5,5,10.5,Low Risk
E0879,U0879,N005,2024-12-24,9,10,Champion,15,5,5,5,32.1,Low Risk
E0880,U0880,N001,2024-12-29,13,12,Champion,13,4,5,4,34.2,Low Risk
E0881,U0881,—,2024-12-21,17,33,Potential,9,3,2,4,40.2,Medium Risk
E0882,U0882,—,2024-12-26,29,54,Needs Attention,10,3,4,3,29.7,Low Risk
E0883,U0883,N017,2024-12-14,3,1,Loyal,11,3,3,5,53.5,Medium Risk
E0884,U0884,N012,2024-10-11,2,5,Potential,6,4,1,1,66.1,Medium Risk
E0885,U0885,N005,2024-12-30,9,47,Champion,14,5,5,4,16.7,Low Risk
E0886,U0886,N018,2024-12-31,9,49,Champion,15,5,5,5,19.2,Low Risk
E0887,U0887,N014,2024-12-14,5,13,Lost,3,1,1,1,83.7,High Risk
E0888,U0888,N011,2024-12-30,20,41,Champion,15,5,5,5,20.0,Low Risk
E0889,U0889,N019,2024-01-21,2,4,Potential,8,5,1,2,64.3,Medium Risk
E0890,U0890,N015,2024-12-18,24,14,Potential,8,4,2,2,42.1,Medium Risk
E0891,U0891,N009,2024-12-29,27,28,Loyal,11,4,3,4,34.5,Low Risk
E0892,U0892,—,2024-12-22,10,39,Potential,8,3,2,3,40.6,Medium Risk
E0893,U0893,—,2024-01-07,2,2,Needs Attention,6,2,1,3,76.7,High Risk
E0894,U0894,N011,2024-10-13,5,8,Loyal,13,5,3,5,56.5,Medium Risk
E0895,U0895,N009,2024-12-28,23,48,Needs Attention,10,4,3,3,29.0,Low Risk
E0896,U0896,N011,2024-12-31,30,28,Loyal,11,2,4,5,45.2,Medium Risk
E0897,U0897,N014,2024-12-21,20,31,Champion,14,4,5,5,28.5,Low Risk
E0898,U0898,N011,2024-12-24,13,54,Champion,15,5,5,5,16.8,Low Risk
E0899,U0899,N020,2024-03-16,3,5,Potential,5,3,1,1,69.4,Medium Risk
E0900,U0900,—,2024-12-21,17,28,Needs Attention,9,3,3,3,36.1,Low Risk
E0901,U0901,N010,2024-12-25,30,35,Lost,3,1,1,1,68.3,Medium Risk
E0902,U0902,N004,2024-06-17,1,4,Potential,8,4,2,2,66.0,Medium Risk
E0903,U0903,N014,2024-11-25,5,4,Needs Attention,5,2,1,2,65.1,Medium Risk
E0904,U0904,N001,2024-12-29,12,55,Needs Attention,9,3,3,3,28.9,Low Risk
E0905,U0905,—,2024-12-31,9,15,Potential,10,5,2,3,37.7,Low Risk
E0906,U0906,N002,2024-09-17,4,1,Needs Attention,9,3,3,3,69.8,Medium Risk
E0907,U0907,—,2024-12-29,11,38,Needs Attention,8,2,2,4,56.6,Medium Risk
E0908,U0908,N012,2024-07-10,1,1,Lost,3,1,1,1,99.7,High Risk
E0909,U0909,N019,2024-12-26,18,54,Lost,3,1,1,1,62.0,Medium Risk
E0910,U0910,N008,2024-12-20,26,25,Loyal,12,2,5,5,43.9,Medium Risk
E0911,U0911,—,2024-12-25,23,37,Loyal,11,3,5,3,32.8,Low Risk
E0912,U0912,—,2024-02-05,0,8,Lost,3,1,1,1,97.3,High Risk
E0913,U0913,N004,2024-12-28,17,55,Loyal,11,3,5,3,27.7,Low Risk
E0914,U0914,N011,2024-12-31,23,51,Needs Attention,4,2,1,1,49.3,Medium Risk
E0915,U0915,—,2024-12-25,19,20,Potential,6,3,1,2,43.4,Medium Risk
E0916,U0916,—,2024-12-30,14,32,Needs Attention,6,2,2,2,48.9,Medium Risk
E0917,U0917,—,2024-12-18,9,12,Loyal,12,5,3,4,34.9,Low Risk
E0918,U0918,—,2024-08-28,2,6,Lost,3,1,1,1,98.0,High Risk
E0919,U0919,—,2024-12-21,23,39,Needs Attention,7,2,2,3,46.2,Medium Risk
E0920,U0920,N018,2024-12-20,20,60,Loyal,11,3,4,4,24.2,Low Risk
E0921,U0921,N004,2024-12-16,7,8,Potential,9,3,2,4,53.1,Medium Risk
E0922,U0922,—,2024-12-20,18,57,Needs Attention,10,4,3,3,25.2,Low Risk
E0923,U0923,—,2024-12-26,21,52,Needs Attention,4,2,1,1,43.9,Medium Risk
E0924,U0924,N020,2024-12-29,26,54,Needs Attention,7,2,1,4,53.3,Medium Risk
E0925,U0925,—,2024-12-29,8,60,Needs Attention,7,2,2,3,41.0,Medium Risk
E0926,U0926,N016,2024-12-30,16,36,Potential,9,5,2,2,28.6,Low Risk
E0927,U0927,—,2024-12-03,9,15,Champion,13,5,4,4,40.8,Medium Risk
E0928,U0928,N008,2024-09-21,1,0,Potential,8,5,1,2,62.9,Medium Risk
E0929,U0929,N015,2024-12-22,15,42,Needs Attention,9,3,3,3,37.8,Low Risk
E0930,U0930,N010,2024-12-12,9,5,Potential,5,3,1,1,59.6,Medium Risk
E0931,U0931,N005,2024-05-02,5,2,Lost,3,1,1,1,99.3,High Risk
E0932,U0932,N005,2024-01-13,0,0,Potential,8,5,1,2,64.5,Medium Risk
E0933,U0933,—,2024-12-26,19,55,At Risk,9,2,3,4,39.9,Low Risk
E0934,U0934,N006,2024-12-26,27,33,Loyal,13,5,3,5,27.2,Low Risk
E0935,U0935,N010,2024-12-24,8,16,Loyal,11,5,2,4,36.6,Low Risk
E0936,U0936,—,2024-12-11,10,4,Lost,3,1,1,1,86.7,High Risk
E0937,U0937,N017,2024-11-22,4,6,Lost,3,1,1,1,86.0,High Risk
E0938,U0938,—,2024-12-25,16,43,Champion,15,5,5,5,18.8,Low Risk
E0939,U0939,N018,2024-12-12,10,10,Lost,4,1,1,2,78.0,High Risk
E0940,U0940,N004,2024-12-20,21,59,Needs Attention,10,4,3,3,23.4,Low Risk
E0941,U0941,N007,2024-12-20,9,39,Lost,3,1,1,1,67.0,Medium Risk
E0942,U0942,N005,2024-07-06,4,8,Potential,8,3,2,3,69.6,Medium Risk
E0943,U0943,—,2024-11-09,4,7,Lost,4,1,1,2,89.7,High Risk
E0944,U0944,—,2024-12-23,6,6,Potential,9,4,2,3,51.5,Medium Risk
E0945,U0945,N001,2024-04-03,3,1,Lost,3,1,1,1,99.7,High Risk
E0946,U0946,N020,2024-12-17,21,39,Champion,13,4,5,4,25.8,Low Risk
E0947,U0947,—,2024-12-04,5,15,Needs Attention,10,3,3,4,52.7,Medium Risk
E0948,U0948,—,2024-12-24,26,24,Champion,15,5,5,5,25.8,Low Risk
E0949,U0949,—,2024-12-22,6,5,Lost,3,1,1,1,86.3,High Risk
E0950,U0950,—,2024-11-17,5,11,Potential,9,5,2,2,46.5,Medium Risk
E0951,U0951,—,2024-12-27,16,35,Potential,8,4,2,2,35.2,Low Risk
E0952,U0952,—,2024-08-06,0,8,Lost,3,1,1,1,97.3,High Risk
E0953,U0953,—,2024-04-15,0,3,Lost,3,1,1,1,99.0,High Risk
E0954,U0954,N015,2024-12-31,15,35,Loyal,11,3,3,5,36.4,Low Risk
E0955,U0955,—,2024-10-24,3,0,At Risk,8,2,3,3,85.6,High Risk
E0956,U0956,N016,2024-12-18,16,44,Champion,15,5,5,5,17.9,Low Risk
E0957,U0957,N003,2024-12-31,25,36,Needs Attention,4,2,1,1,45.9,Medium Risk
E0958,U0958,N006,2024-12-19,24,56,Potential,8,3,2,3,33.3,Low Risk
E0959,U0959,N012,2024-12-27,28,60,Loyal,13,3,5,5,17.1,Low Risk
E0960,U0960,N011,2024-03-22,4,0,Needs Attention,6,2,1,3,82.1,High Risk
E0961,U0961,—,2024-12-23,26,23,Loyal,13,3,5,5,32.4,Low Risk
E0962,U0962,N018,2024-12-27,29,45,Lost,7,1,2,4,57.2,Medium Risk
E0963,U0963,N016,2024-12-17,11,25,Champion,14,5,4,5,28.4,Low Risk
E0964,U0964,—,2024-12-20,20,45,Needs Attention,10,4,3,3,29.9,Low Risk
E0965,U0965,—,2024-02-26,2,2,Loyal,11,3,3,5,70.8,High Risk
E0966,U0966,N002,2024-12-31,28,22,Champion,13,4,5,4,32.5,Low Risk
E0967,U0967,—,2024-12-30,29,37,Champion,14,5,4,5,25.1,Low Risk
E0968,U0968,N017,2024-12-09,7,11,Lost,5,1,1,3,77.8,High Risk
E0969,U0969,N015,2024-12-30,23,11,Loyal,12,3,5,4,37.8,Low Risk
E0970,U0970,—,2024-12-20,12,57,Loyal,13,3,5,5,26.4,Low Risk
E0971,U0971,N008,2024-12-21,16,20,Loyal,11,2,4,5,44.9,Medium Risk
E0972,U0972,N013,2024-12-08,6,11,Needs Attention,8,2,2,4,63.9,Medium Risk
E0973,U0973,—,2024-04-27,3,2,Needs Attention,5,2,1,2,81.5,High Risk
E0974,U0974,N015,2024-12-29,14,56,Needs Attention,6,2,2,2,50.7,Medium Risk
E0975,U0975,N016,2024-12-06,7,2,Potential,6,3,1,2,64.0,Medium Risk
E0976,U0976,—,2024-12-20,17,44,Potential,7,3,2,2,34.8,Low Risk
E0977,U0977,N007,2024-10-23,4,1,Potential,7,4,1,2,68.4,Medium Risk
E0978,U0978,—,2024-12-17,4,14,Loyal,11,4,3,4,45.7,Medium Risk
E0979,U0979,N007,2024-12-30,8,25,Loyal,11,2,4,5,49.2,Medium Risk
E0980,U0980,N019,2024-12-30,16,21,Potential,9,4,2,3,36.5,Low Risk
E0981,U0981,N001,2024-12-30,22,31,Needs Attention,10,4,3,3,31.1,Low Risk
E0982,U0982,—,2024-12-18,24,59,Champion,14,4,5,5,10.1,Low Risk
E0983,U0983,—,2024-03-15,4,7,Lost,3,1,1,1,97.7,High Risk
E0984,U0984,N019,2024-01-22,0,7,Lost,3,1,1,1,97.7,High Risk
E0985,U0985,N007,2024-12-30,16,60,Champion,14,4,5,5,16.3,Low Risk
E0986,U0986,N006,2024-06-04,2,1,Needs Attention,5,2,1,2,77.4,High Risk
E0987,U0987,N014,2024-12-19,13,34,Potential,7,3,2,2,40.1,Medium Risk
E0988,U0988,N019,2024-12-27,14,44,Potential,8,3,2,3,35.3,Low Risk
E0989,U0989,—,2024-12-19,8,49,Champion,14,4,5,5,20.4,Low Risk
E0990,U0990,—,2024-12-14,3,2,Lost,3,1,1,1,87.3,High Risk
E0991,U0991,N005,2024-12-29,12,31,Potential,6,3,1,2,41.7,Medium Risk
E0992,U0992,—,2024-12-23,24,54,Champion,15,5,5,5,17.2,Low Risk
E0993,U0993,—,2024-12-17,14,40,Loyal,13,5,3,5,25.7,Low Risk
E0994,U0994,N008,2024-12-03,7,1,Potential,7,3,2,2,57.2,Medium Risk
E0995,U0995,N018,2024-10-09,3,6,Lost,3,1,1,1,98.0,High Risk
E0996,U0996,—,2024-12-19,24,59,Champion,15,5,5,5,14.1,Low Risk
E0997,U0997,N010,2024-09-07,3,3,Potential,9,4,2,3,65.1,Medium Risk
E0998,U0998,—,2024-02-05,1,7,Loyal,11,5,2,4,58.5,Medium Risk
E0999,U0999,—,2024-12-20,30,14,Champion,13,4,5,4,34.1,Low Risk
E1000,U1000,N015,2024-12-17,15,52,Needs Attention,7,2,2,3,37.8,Low Risk
